time,speed,throttle,brake,steering,laps
0.0,8.147149271584486e-42,0.0,1.0,30.0,0
0.1,8.318668203617845e-42,0.0,1.0,30.0,0
0.2,8.485142461179632e-42,0.0,1.0,30.0,0
0.3,8.65666139321299e-42,0.0,1.0,30.0,0
0.4,8.823135650774779e-42,0.0,1.0,30.0,0
0.5,8.994654582808136e-42,0.0,1.0,30.0,0
0.6,9.161128840369925e-42,0.0,1.0,30.0,0
0.7,9.327603097931713e-42,0.0,1.0,30.0,0
0.8,9.49912202996507e-42,0.0,1.0,30.0,0
0.91,9.670640961998427e-42,0.0,1.0,30.0,0
1.01,9.832070545088647e-42,0.0,1.0,30.0,0
1.11,1.0008634151593574e-41,0.0,1.0,30.0,0
1.21,1.0175108409155361e-41,0.0,1.0,30.0,0
1.31,1.034662734118872e-41,0.0,1.0,30.0,0
1.41,1.0513101598750508e-41,0.0,1.0,30.0,0
1.51,1.0684620530783865e-41,0.0,1.0,30.0,0
1.61,1.0851094788345654e-41,0.0,1.0,30.0,0
1.71,1.1022613720379011e-41,0.0,1.0,30.0,0
1.81,1.11890879779408e-41,0.0,1.0,30.0,0
1.91,1.1360606909974157e-41,0.0,1.0,30.0,0
2.01,1.1527081167535945e-41,0.0,1.0,30.0,0
2.11,1.1698600099569302e-41,0.0,1.0,30.0,0
2.21,1.1865074357131092e-41,0.0,1.0,30.0,0
2.31,1.203659328916445e-41,0.0,1.0,30.0,0
2.41,1.2203067546726236e-41,0.0,1.0,30.0,0
2.51,1.2374586478759596e-41,0.0,1.0,30.0,0
2.62,1.2541060736321383e-41,0.0,1.0,30.0,0
2.72,1.271257966835474e-41,0.0,1.0,30.0,0
2.82,1.2884098600388098e-41,0.0,1.0,30.0,0
2.92,1.3055617532421457e-41,0.0,1.0,30.0,0
3.02,1.3222091789983244e-41,0.0,1.0,30.0,0
3.12,1.3393610722016602e-41,0.0,1.0,30.0,0
3.22,1.3560084979578391e-41,0.0,1.0,30.0,0
3.32,1.3731603911611748e-41,0.0,1.0,30.0,0
3.42,1.3898078169173536e-41,0.0,1.0,30.0,0
3.52,1.4069597101206893e-41,0.0,1.0,30.0,0
3.62,1.4236071358768683e-41,0.0,1.0,30.0,0
3.72,1.440759029080204e-41,0.0,1.0,30.0,0
3.82,1.4574064548363827e-41,0.0,1.0,30.0,0
3.92,1.4745583480397187e-41,0.0,1.0,30.0,0
4.03,1.4917102412430544e-41,0.0,1.0,30.0,0
4.13,1.508357666999233e-41,0.0,1.0,30.0,0
4.23,1.5255095602025688e-41,0.0,1.0,30.0,0
4.33,1.5426614534059048e-41,0.0,1.0,30.0,0
4.43,1.5593088791620835e-41,0.0,1.0,30.0,0
4.53,1.5759563049182622e-41,0.0,1.0,30.0,0
4.63,1.5931081981215982e-41,0.0,1.0,30.0,0
4.73,1.609755623877777e-41,0.0,1.0,30.0,0
4.83,1.6269075170811126e-41,0.0,1.0,30.0,0
4.93,1.6440594102844483e-41,0.0,1.0,30.0,0
5.03,1.6612113034877843e-41,0.0,1.0,30.0,0
5.13,1.677858729243963e-41,0.0,1.0,30.0,0
5.24,1.6950106224472987e-41,0.0,1.0,30.0,0
5.34,1.7116580482034777e-41,0.0,1.0,30.0,0
5.44,1.7288099414068134e-41,0.0,1.0,30.0,0
5.54,1.7454573671629921e-41,0.0,1.0,30.0,0
5.64,1.7626092603663279e-41,0.0,1.0,30.0,0
5.74,1.7797611535696638e-41,0.0,1.0,30.0,0
5.84,1.7964085793258425e-41,0.0,1.0,30.0,0
5.94,1.8135604725291783e-41,0.0,1.0,30.0,0
6.04,1.8302078982853572e-41,0.0,1.0,30.0,0
6.14,1.847359791488693e-41,0.0,1.0,30.0,0
6.24,1.8640072172448717e-41,0.0,1.0,30.0,0
6.34,1.8811591104482074e-41,0.0,1.0,30.0,0
6.44,1.8978065362043864e-41,0.0,1.0,30.0,0
6.54,1.914958429407722e-41,0.0,1.0,30.0,0
6.64,1.9316058551639008e-41,0.0,1.0,30.0,0
6.74,1.9487577483672368e-41,0.0,1.0,30.0,0
6.85,1.9654051741234155e-41,0.0,1.0,30.0,0
6.95,1.9825570673267512e-41,0.0,1.0,30.0,0
7.05,1.9992044930829302e-41,0.0,1.0,30.0,0
7.15,2.016356386286266e-41,0.0,0.0,30.0,0
7.25,2.0330038120424446e-41,0.0,0.0,30.0,0
7.35,2.0501557052457803e-41,0.0,0.0,30.0,0
7.45,2.067812065896273e-41,0.0,0.0,30.0,0
7.55,2.084459491652452e-41,0.0,0.0,30.0,0
7.65,2.1016113848557877e-41,0.0,0.0,30.0,0
7.75,2.1182588106119664e-41,0.0,0.0,30.0,0
7.85,2.1354107038153024e-41,0.0,0.0,30.0,0
7.95,2.152058129571481e-41,0.0,0.0,30.0,0
8.05,2.1687055553276598e-41,0.0,0.0,30.0,0
8.16,2.1828306438480541e-41,0.0,0.0,30.0,0
8.26,2.2030093417343315e-41,0.0,0.0,30.0,0
8.36,2.2201612349376672e-41,0.0,0.0,30.0,0
8.46,2.236808660693846e-41,0.0,0.0,30.0,0
8.56,2.253960553897182e-41,0.0,0.0,30.0,0
8.66,2.2706079796533606e-41,0.0,0.0,30.0,0
8.76,2.2872554054095394e-41,0.0,0.0,30.0,0
8.86,2.304407298612875e-41,0.0,0.0,30.0,0
8.96,2.3210547243690543e-41,0.0,0.0,30.0,0
9.06,2.33820661757239e-41,0.0,0.0,30.0,0
9.16,2.3553585107757257e-41,0.0,0.0,30.0,0
9.26,2.3720059365319045e-41,0.0,0.0,30.0,0
9.36,2.3891578297352404e-41,0.0,0.0,30.0,0
9.46,2.405805255491419e-41,0.0,0.0,30.0,0
9.56,2.4229571486947546e-41,0.0,0.0,30.0,0
9.67,2.439604574450934e-41,0.0,0.0,30.0,0
9.77,2.4567564676542693e-41,0.0,0.0,30.0,0
9.87,2.473403893410448e-41,0.0,0.0,30.0,0
9.97,2.490555786613784e-41,0.0,0.0,30.0,0
10.07,2.50770767981712e-41,0.0,0.0,30.0,0
10.17,2.5243551055732987e-41,0.0,0.0,30.0,0
10.27,2.541506998776634e-41,0.0,0.0,30.0,0
10.37,2.5581544245328134e-41,0.0,0.0,30.0,0
10.47,2.574801850288992e-41,0.0,0.0,30.0,0
10.57,2.5919537434923275e-41,0.0,0.0,30.0,0
10.67,2.6091056366956635e-41,0.0,0.0,30.0,0
10.77,2.625753062451842e-41,0.0,0.0,30.0,0
10.87,2.642904955655178e-41,0.0,0.0,30.0,0
10.97,2.659552381411357e-41,0.0,0.0,30.0,0
11.07,2.676704274614693e-41,0.0,0.0,30.0,0
11.17,2.6933517003708716e-41,0.0,0.0,30.0,0
11.27,2.7099991261270503e-41,0.0,0.0,30.0,0
11.37,2.7271510193303863e-41,0.0,0.0,30.0,0
11.47,2.743798445086565e-41,0.0,0.0,30.0,0
11.57,2.7609503382899005e-41,0.0,0.0,30.0,0
11.67,2.7775977640460797e-41,0.0,0.0,30.0,0
11.78,2.794749657249415e-41,0.0,0.0,30.0,0
11.88,2.811397083005594e-41,0.0,0.0,30.0,0
11.98,2.82854897620893e-41,0.0,0.0,30.0,0
12.08,2.8451964019651086e-41,0.0,0.0,30.0,0
12.18,2.8623482951684445e-41,0.2172500193119049,0.0,29.999996185302734,0
12.28,2.8789957209246233e-41,0.7239500284194946,0.0,29.999988555908203,0
12.38,2.896147614127959e-41,1.0,0.0,29.999954223632812,0
12.48,2.912795039884138e-41,1.0,0.0,29.999879837036133,0
12.58,2.9299469330874734e-41,1.0,0.0,29.999773025512695,0
12.68,2.9465943588436526e-41,1.0,0.0,29.999635696411133,0
12.78,2.963746252046988e-41,0.9404000043869019,0.0,29.999467849731445,0
12.88,2.980393677803167e-41,0.7792500257492065,0.0,29.999290466308594,0
12.98,2.997545571006503e-41,0.18645000457763672,0.0,29.9991512298584,0
13.08,3.0141929967626815e-41,0.0,0.0,29.99913215637207,0
13.18,3.0313448899660175e-41,0.0,0.0,29.99913215637207,0
13.28,3.047992315722196e-41,0.0,0.0,29.99913215637207,0
13.38,3.065144208925532e-41,0.0,0.0,29.99913215637207,0
13.48,3.0822961021288676e-41,0.0,0.0,29.99913215637207,0
13.59,3.0984390604378896e-41,0.0,0.0,29.99913215637207,0
13.69,3.1160954210883823e-41,0.1662999987602234,0.0,29.999088287353516,0
13.79,3.132742846844561e-41,0.5599499940872192,0.0,29.998964309692383,0
13.89,3.149894740047897e-41,0.8739500045776367,0.0,29.998741149902344,0
13.99,3.1665421658040757e-41,1.0,0.0,29.998428344726562,0
14.09,3.1836940590074117e-41,1.0,0.0,29.998035430908203,0
14.19,3.2003414847635904e-41,1.0,0.0,29.99759292602539,0
14.29,3.217493377966926e-41,1.0,0.0,29.997066497802734,0
14.39,3.234140803723105e-41,0.9746999740600586,0.0,29.996488571166992,0
14.49,3.2512926969264406e-41,0.8966000080108643,0.0,29.995866775512695,0
14.59,3.2679401226826193e-41,0.8835499882698059,0.0,29.995227813720703,0
14.69,3.2850920158859553e-41,0.8748500347137451,0.0,29.99451446533203,0
14.79,3.301739441642134e-41,0.8708000183105469,0.0,29.993764877319336,0
14.89,3.31889133484547e-41,0.8655499815940857,0.0,29.99293327331543,0
14.99,3.3355387606016487e-41,0.860450029373169,0.0,29.992076873779297,0
15.09,3.3526906538049846e-41,0.8635499477386475,0.0,29.991132736206055,0
15.19,3.36984254700832e-41,0.9212999939918518,0.0,29.990108489990234,0
15.29,3.386489972764499e-41,0.9386999607086182,0.0,29.98899269104004,0
15.4,3.403641865967835e-41,0.935699999332428,0.0,29.98776626586914,0
15.5,3.4202892917240135e-41,0.9149500131607056,0.0,29.98651885986328,0
15.6,3.4374411849273495e-41,0.8874499797821045,0.0,29.98521614074707,0
15.7,3.454088610683528e-41,0.9409499764442444,0.0,29.983882904052734,0
15.8,3.471240503886864e-41,1.0,0.0,29.98229217529297,0
15.9,3.487887929643043e-41,1.0,0.0,29.98061180114746,0
16.0,3.5050398228463783e-41,1.0,0.0,29.97995948791504,0
16.1,3.5216872486025576e-41,1.0,0.0,29.979305267333984,0
16.2,3.538839141805893e-41,1.0,0.0,29.979259490966797,0
16.3,3.555486567562072e-41,1.0,0.0,29.978313446044922,0
16.41,3.571125058423937e-41,1.0,0.0,29.977336883544922,0
16.51,3.5902948214159004e-41,1.0,0.0,29.976104736328125,0
16.61,3.6074467146192364e-41,1.0,0.0,29.974966049194336,0
16.71,3.624598607822572e-41,1.0,0.0,29.973793029785156,0
16.81,3.6412460335787506e-41,1.0,0.0,29.972623825073242,0
16.91,3.6583979267820865e-41,1.0,0.0,29.971384048461914,0
17.01,3.675045352538265e-41,1.0,0.0,29.97014617919922,0
17.11,3.692197245741601e-41,1.0,0.0,29.968835830688477,0
17.21,3.70884467149778e-41,1.0,0.0,29.9675350189209,0
17.31,3.725996564701116e-41,1.0,0.0,29.966157913208008,0
17.41,3.7426439904572946e-41,1.0,0.0,29.964792251586914,0
17.51,3.75979588366063e-41,1.0,0.0,29.963350296020508,0
17.61,3.7764433094168093e-41,1.0,0.0,29.96192169189453,0
17.71,3.793595202620145e-41,1.0,0.0,29.96041488647461,0
17.82,3.8102426283763235e-41,1.0,0.0,29.95892333984375,0
17.92,3.8273945215796595e-41,1.0,0.0,29.95735740661621,0
18.02,3.844041947335838e-41,1.0,0.0,29.9558048248291,0
18.12,3.861193840539174e-41,1.0,0.0,29.95417594909668,0
18.22,3.877841266295353e-41,1.0,0.0,29.95256996154785,0
18.32,3.894993159498689e-41,1.0,0.0,29.950881958007812,0
18.42,3.9116405852548676e-41,1.0,0.0,29.9492130279541,0
18.52,3.928792478458203e-41,1.0,0.0,29.947471618652344,0
18.62,3.9454399042143823e-41,1.0,0.0,29.945751190185547,0
18.72,3.9625917974177177e-41,1.0,0.0,29.943958282470703,0
18.82,3.9792392231738964e-41,1.0,0.0,29.942670822143555,0
18.92,3.9963911163772324e-41,1.0,0.0,29.94179916381836,0
19.02,4.013038542133411e-41,1.0,0.0,29.940982818603516,0
19.12,4.030190435336747e-41,1.0,0.0,29.940534591674805,0
19.22,4.046837861092926e-41,1.0,0.0,29.939306259155273,0
19.32,4.063989754296262e-41,1.0,0.0,29.938026428222656,0
19.42,4.0806371800524405e-41,1.0,0.0,29.936771392822266,0
19.52,4.097789073255776e-41,1.0,0.0,29.935462951660156,0
19.62,4.114436499011955e-41,1.0,0.0,29.934175491333008,0
19.72,4.1315883922152907e-41,1.0,0.0,29.93283462524414,0
19.82,4.1482358179714694e-41,1.0,0.0,29.93152618408203,0
19.93,4.1648832437276486e-41,1.0,0.0,29.930194854736328,0
20.03,4.182035136930984e-41,1.0,0.0,29.928804397583008,0
20.13,4.198682562687163e-41,1.0,0.0,29.92745018005371,0
20.23,4.215834455890499e-41,1.0,0.0,29.926034927368164,0
20.33,4.2329863490938347e-41,1.0,0.0,29.92460823059082,0
20.43,4.2496337748500134e-41,1.0,0.0,29.923208236694336,0
20.53,4.266281200606192e-41,1.0,0.0,29.921785354614258,0
20.63,4.283433093809528e-41,1.0,0.0,29.920320510864258,0
20.73,4.3005849870128636e-41,1.0,0.0,29.918834686279297,0
20.83,4.3172324127690423e-41,1.0,0.0,29.91737937927246,0
20.93,4.3343843059723783e-41,1.0,0.0,29.915863037109375,0
21.03,4.351031731728557e-41,1.0,0.0,29.914379119873047,0
21.13,4.368183624931893e-41,1.0,0.0,29.912843704223633,0
21.23,4.3848310506880717e-41,1.0,0.0,29.91132926940918,0
21.33,4.4019829438914077e-41,1.0,0.0,29.909757614135742,0
21.43,4.4186303696475864e-41,1.0,0.0,29.90822410583496,0
21.53,4.435782262850922e-41,1.0,0.0,29.906627655029297,0
21.63,4.452429688607101e-41,1.0,0.0,29.905067443847656,0
21.73,4.4695815818104365e-41,1.0,0.0,29.9034481048584,0
21.84,4.486229007566615e-41,1.0,0.0,29.90185546875,0
21.94,4.503380900769951e-41,1.0,0.0,29.900209426879883,0
22.04,4.52002832652613e-41,0.8757500052452087,0.053100261837244034,29.898632049560547,0
22.14,4.537180219729466e-41,0.34530001878738403,0.26541632413864136,29.8974552154541,0
22.24,4.5538276454856446e-41,0.0,0.5287337303161621,29.897077560424805,0
22.34,4.5709795386889806e-41,0.0,0.6936793923377991,29.897077560424805,0
22.44,4.5876269644451593e-41,0.0,0.7237153649330139,29.897077560424805,0
22.54,4.604778857648495e-41,0.0,0.7236160039901733,29.897077560424805,0
22.64,4.621426283404674e-41,0.0,0.6869125962257385,29.897077560424805,0
22.74,4.638578176608009e-41,0.0,0.6514122486114502,29.897077560424805,0
22.84,4.655225602364189e-41,0.0,0.5857017040252686,29.897077560424805,0
22.94,4.671873028120367e-41,0.0,0.45380982756614685,29.897077560424805,0
23.04,4.689024921323703e-41,0.0,0.24905914068222046,29.897077560424805,0
23.14,4.706176814527039e-41,0.10890001058578491,0.02934044785797596,29.89695167541504,0
23.24,4.722824240283218e-41,0.27125000953674316,0.0,29.89643669128418,0
23.34,4.739976133486553e-41,0.36124998331069946,0.0,29.895671844482422,0
23.44,4.756623559242732e-41,0.3928000032901764,0.0,29.89483070373535,0
23.54,4.773775452446068e-41,0.38850000500679016,0.0,29.893945693969727,0
23.65,4.790422878202246e-41,0.38449999690055847,0.0,29.893091201782227,0
23.75,4.807574771405582e-41,0.38225001096725464,0.0,29.892215728759766,0
23.85,4.824222197161762e-41,0.3828999996185303,0.0,29.8913631439209,0
23.95,4.841374090365098e-41,0.3804500102996826,0.0,29.890480041503906,0
24.05,4.858021516121276e-41,0.38029998540878296,0.0,29.88962173461914,0
24.15,4.875173409324612e-41,0.3793500065803528,0.0,29.88873291015625,0
24.25,4.891820835080791e-41,0.29124999046325684,0.0,29.887910842895508,0
24.35,4.908972728284126e-41,0.0,0.0,29.88752555847168,0
24.45,4.925620154040305e-41,0.0,0.0,29.88752555847168,0
24.55,4.942772047243641e-41,0.0,0.0,29.88752555847168,0
24.65,4.959923940446977e-41,0.0,0.0,29.88752555847168,0
24.75,4.976571366203155e-41,0.0,0.0,29.88752555847168,0
24.85,4.993723259406491e-41,0.05085000395774841,0.0,29.887462615966797,0
24.95,5.010370685162671e-41,0.14360001683235168,0.0,29.887075424194336,0
25.05,5.027522578366005e-41,0.259550005197525,0.0,29.88651466369629,0
25.15,5.044170004122185e-41,0.2947999835014343,0.0,29.885852813720703,0
25.25,5.061321897325521e-41,0.28725001215934753,0.0,29.88515853881836,0
25.35,5.077969323081699e-41,0.28675001859664917,0.0,29.884492874145508,0
25.46,5.095121216285035e-41,0.28734999895095825,0.0,29.883804321289062,0
25.56,5.111768642041214e-41,0.28769999742507935,0.0,29.883132934570312,0
25.66,5.12892053524455e-41,0.2851499915122986,0.0,29.882444381713867,0
25.76,5.145567961000728e-41,0.2745000123977661,0.0,29.881784439086914,0
25.86,5.162719854204064e-41,0.21865001320838928,0.0,29.881141662597656,0
25.96,5.179367279960243e-41,0.0,0.0,29.880779266357422,0
26.06,5.196519173163578e-41,0.0,0.0,29.880779266357422,0
26.16,5.213166598919758e-41,0.0,0.0,29.880779266357422,0
26.26,5.230318492123094e-41,0.0,0.0,29.880779266357422,0
26.36,5.246965917879272e-41,0.0,0.0,29.880779266357422,0
26.46,5.264117811082608e-41,0.35830000042915344,0.0,29.880374908447266,0
26.56,5.280765236838787e-41,0.6732499599456787,0.0,29.879430770874023,0
26.66,5.297917130042123e-41,0.7512999773025513,0.0,29.878267288208008,0
26.76,5.315069023245458e-41,0.7399500012397766,0.0,29.8770694732666,0
26.86,5.331716449001637e-41,0.6901500225067139,0.0,29.875934600830078,0
26.96,5.348868342204973e-41,0.694599986076355,0.0,29.874784469604492,0
27.06,5.365515767961151e-41,0.6937000155448914,0.0,29.873655319213867,0
27.16,5.382667661164487e-41,0.6951500177383423,0.0,29.872488021850586,0
27.27,5.399315086920667e-41,0.6939499974250793,0.0,29.8713436126709,0
27.37,5.416466980124003e-41,0.6886000037193298,0.0,29.870153427124023,0
27.47,5.433114405880181e-41,0.6306999921798706,0.0,29.869014739990234,0
27.57,5.450266299083517e-41,0.43059998750686646,0.0,29.867958068847656,0
27.67,5.466913724839696e-41,0.3878999948501587,0.0,29.86711311340332,0
27.77,5.484065618043031e-41,0.3875499963760376,0.0,29.86625099182129,0
27.87,5.50071304379921e-41,0.35065001249313354,0.0,29.86543083190918,0
27.97,5.517864937002546e-41,0.18650001287460327,0.0,29.864742279052734,0
28.07,5.534512362758724e-41,0.0,0.0,29.864477157592773,0
28.17,5.55166425596206e-41,0.0,0.0,29.864477157592773,0
28.27,5.56831168171824e-41,0.0,0.0,29.864477157592773,0
28.37,5.585463574921575e-41,0.0,0.0,29.864477157592773,0
28.47,5.602111000677754e-41,0.0,0.0,29.864477157592773,0
28.57,5.61926289388109e-41,0.0,0.0,29.864477157592773,0
28.67,5.635910319637269e-41,0.35835000872612,0.0,29.864103317260742,0
28.77,5.653062212840604e-41,0.6474499702453613,0.0,29.863142013549805,0
28.87,5.669709638596783e-41,0.6862999796867371,0.0,29.862071990966797,0
28.97,5.686861531800119e-41,0.7206000089645386,0.0,29.86093521118164,0
29.07,5.703508957556297e-41,0.7662999629974365,0.0,29.859785079956055,0
29.17,5.720660850759633e-41,0.8052499890327454,0.0,29.85854148864746,0
29.28,5.737308276515812e-41,0.9411499500274658,0.0,29.85723304748535,0
29.38,5.754460169719148e-41,1.0,0.0,29.855674743652344,0
29.48,5.771107595475327e-41,1.0,0.0,29.8541202545166,0
29.58,5.788259488678663e-41,1.0,0.0,29.852493286132812,0
29.68,5.804906914434842e-41,1.0,0.0,29.85088348388672,0
29.78,5.822058807638177e-41,1.0,0.0,29.849197387695312,0
29.88,5.838706233394356e-41,1.0,0.0,29.8475399017334,0
29.98,5.855858126597692e-41,1.0,0.0,29.845808029174805,0
30.08,5.87250555235387e-41,1.0,0.0,29.844106674194336,0
30.18,5.889657445557206e-41,1.0,0.0,29.842327117919922,0
30.28,5.906304871313385e-41,1.0,0.0,29.841672897338867,0
30.38,5.922952297069564e-41,1.0,0.0,29.840856552124023,0
30.48,5.9401041902729e-41,1.0,0.0,29.84041976928711,0
30.58,5.956751616029079e-41,1.0,0.0,29.839216232299805,0
30.68,5.973903509232415e-41,1.0,0.0,29.837966918945312,0
30.78,5.990550934988593e-41,0.971750020980835,0.0,29.83674430847168,0
30.88,6.007702828191929e-41,0.9352499842643738,0.0,29.835533142089844,0
30.98,6.024350253948108e-41,1.0,0.0,29.834308624267578,0
31.08,6.041502147151443e-41,1.0,0.0,29.83300018310547,0
31.18,6.058654040354779e-41,1.0,0.0,29.831674575805664,0
31.29,6.075301466110958e-41,1.0,0.0,29.830373764038086,0
31.39,6.092453359314294e-41,1.0,0.0,29.829021453857422,0
31.49,6.109100785070473e-41,1.0,0.0,29.82769012451172,0
31.59,6.126252678273808e-41,1.0,0.0,29.82630729675293,0
31.69,6.142900104029988e-41,1.0,0.0,29.824949264526367,0
31.79,6.160051997233323e-41,1.0,0.0,29.823535919189453,0
31.89,6.176699422989502e-41,1.0,0.0,29.822153091430664,0
31.99,6.193346848745681e-41,1.0,0.0,29.820755004882812,0
32.09,6.210498741949016e-41,1.0,0.0,29.819297790527344,0
32.19,6.227146167705195e-41,1.0,0.0,29.81787109375,0
32.29,6.244298060908531e-41,1.0,0.0,29.816390991210938,0
32.39,6.260945486664709e-41,1.0,0.0,29.814937591552734,0
32.49,6.278097379868045e-41,1.0,0.0,29.81342887878418,0
32.59,6.295249273071381e-41,1.0,0.0,29.811899185180664,0
32.69,6.311896698827561e-41,1.0,0.0,29.810405731201172,0
32.79,6.329048592030896e-41,1.0,0.0,29.808856964111328,0
32.89,6.345696017787075e-41,1.0,0.0,29.807336807250977,0
32.99,6.362847910990411e-41,1.0,0.0,29.805761337280273,0
33.09,6.379495336746589e-41,1.0,0.0,29.804214477539062,0
33.19,6.396647229949925e-41,1.0,0.0,29.802608489990234,0
33.3,6.413294655706104e-41,1.0,0.0,29.801040649414062,0
33.4,6.429942081462282e-41,1.0,0.0,29.799455642700195,0
33.5,6.447093974665618e-41,1.0,0.0,29.79774284362793,0
33.6,6.464245867868954e-41,1.0,0.0,29.797142028808594,0
33.7,6.480893293625134e-41,1.0,0.0,29.79632568359375,0
33.8,6.498045186828469e-41,0.8819500207901001,0.0,29.795440673828125,0
33.9,6.514692612584648e-41,0.3889999985694885,0.06205790862441063,29.794513702392578,0
34.0,6.531844505787984e-41,0.0,0.3081159293651581,29.79421043395996,0
34.1,6.548491931544162e-41,0.0,0.4782518148422241,29.79421043395996,0
34.2,6.565643824747498e-41,0.0,0.5793976187705994,29.79421043395996,0
34.3,6.582291250503677e-41,0.0,0.6285673379898071,29.79421043395996,0
34.4,6.599443143707013e-41,0.0,0.6333371996879578,29.79421043395996,0
34.5,6.616090569463191e-41,0.0,0.6318672895431519,29.79421043395996,0
34.6,6.632737995219371e-41,0.0,0.6053903698921204,29.79421043395996,0
34.7,6.649889888422707e-41,0.0,0.5398055911064148,29.79421043395996,0
34.8,6.667041781626041e-41,0.0,0.46057525277137756,29.79421043395996,0
34.9,6.683689207382221e-41,0.0,0.3317519724369049,29.79421043395996,0
35.0,6.700841100585557e-41,0.0,0.053078606724739075,29.79421043395996,0
35.1,6.717488526341735e-41,0.0,0.0,29.79421043395996,0
35.21,6.734640419545071e-41,0.048350006341934204,0.0,29.79413604736328,0
35.31,6.75128784530125e-41,0.06495001912117004,0.0,29.793943405151367,0
35.41,6.768439738504586e-41,0.08505001664161682,0.0,29.793697357177734,0
35.51,6.785087164260764e-41,0.08654999732971191,0.0,29.793418884277344,0
35.61,6.8022390574641e-41,0.08860000967979431,0.0,29.793132781982422,0
35.71,6.818886483220279e-41,0.10555002093315125,0.0,29.792829513549805,0
35.81,6.836038376423614e-41,0.14010000228881836,0.0,29.792484283447266,0
35.91,6.852685802179794e-41,0.13250002264976501,0.0,29.792142868041992,0
36.01,6.86983769538313e-41,0.0,0.0,29.79187774658203,0
36.11,6.886485121139308e-41,0.0,0.0032675578258931637,29.79187774658203,0
36.21,6.903637014342644e-41,0.0,0.13876211643218994,29.79187774658203,0
36.31,6.920284440098823e-41,0.0,0.24571216106414795,29.79187774658203,0
36.41,6.937436333302159e-41,0.0,0.25464218854904175,29.79187774658203,0
36.51,6.954083759058337e-41,0.0,0.25426411628723145,29.79187774658203,0
36.61,6.971235652261673e-41,0.0,0.2538864016532898,29.79187774658203,0
36.71,6.987883078017852e-41,0.0,0.24181446433067322,29.79187774658203,0
36.81,7.005034971221187e-41,0.0,0.1777687519788742,29.79187774658203,0
36.91,7.021682396977367e-41,0.0,0.01861363649368286,29.79187774658203,0
37.01,7.038834290180703e-41,0.0,0.0,29.79187774658203,0
37.12,7.055481715936881e-41,0.0,0.0,29.79187774658203,0
37.22,7.072633609140217e-41,0.0,0.0,29.79187774658203,0
37.32,7.089281034896396e-41,0.0,0.0,29.79187774658203,0
37.42,7.106432928099732e-41,0.0,0.0,29.79187774658203,0
37.52,7.12308035385591e-41,0.11744999885559082,0.0,29.79178810119629,0
37.62,7.140232247059246e-41,0.3181000053882599,0.0,29.79147720336914,0
37.72,7.157384140262582e-41,0.4240500032901764,0.0,29.791030883789062,0
37.82,7.17403156601876e-41,0.4476500153541565,0.0,29.790531158447266,0
37.92,7.190174524327783e-41,0.45864999294281006,0.0,29.790000915527344,0
38.02,7.208335352425432e-41,0.46050000190734863,0.0,29.78923797607422,0
38.12,7.225487245628768e-41,0.4431999921798706,0.0,29.788625717163086,0
38.22,7.242134671384946e-41,0.39785000681877136,0.0,29.788127899169922,0
38.32,7.259286564588282e-41,0.3554999828338623,0.0,29.787511825561523,0
38.43,7.275933990344462e-41,0.4927000105381012,0.0,29.786882400512695,0
38.53,7.293085883547798e-41,0.8014000058174133,0.0,29.786029815673828,0
38.63,7.309733309303976e-41,0.9952999949455261,0.0,29.78494644165039,0
38.73,7.326885202507312e-41,1.0,0.0,29.783700942993164,0
38.83,7.343532628263491e-41,0.9414499998092651,0.0,29.7824764251709,0
38.93,7.360180054019669e-41,0.784850001335144,0.0,29.781396865844727,0
39.03,7.377836414670162e-41,0.8522999882698059,0.0,29.7802734375,0
39.13,7.394483840426341e-41,0.9500999450683594,0.0,29.779096603393555,0
39.23,7.411131266182519e-41,1.0,0.0,29.777780532836914,0
39.33,7.428283159385855e-41,1.0,0.0,29.776376724243164,0
39.43,7.445435052589191e-41,1.0,0.0,29.774946212768555,0
39.53,7.46208247834537e-41,1.0,0.0,29.77353286743164,0
39.63,7.478729904101549e-41,1.0,0.0,29.7720947265625,0
39.73,7.495881797304885e-41,1.0,0.0,29.770587921142578,0
39.83,7.513033690508221e-41,1.0,0.0,29.769054412841797,0
39.93,7.529681116264399e-41,1.0,0.0,29.767536163330078,0
40.03,7.546833009467735e-41,1.0,0.0,29.76594352722168,0
40.13,7.563480435223914e-41,1.0,0.0,29.764366149902344,0
40.23,7.580127860980092e-41,1.0,0.0,29.76276206970215,0
40.34,7.597279754183428e-41,1.0,0.0,29.761043548583984,0
40.44,7.613927179939607e-41,1.0,0.0,29.76038932800293,0
40.54,7.631079073142943e-41,1.0,0.0,29.759572982788086,0
40.64,7.647726498899122e-41,1.0,0.0,29.75931167602539,0
40.74,7.664878392102458e-41,1.0,0.0,29.758150100708008,0
40.84,7.681525817858637e-41,1.0,0.0,29.757003784179688,0
40.94,7.698677711061972e-41,1.0,0.0,29.755815505981445,0
41.04,7.715325136818151e-41,1.0,0.0,29.7546443939209,0
41.14,7.732477030021487e-41,1.0,0.0,29.7534236907959,0
41.24,7.749124455777665e-41,1.0,0.0,29.752227783203125,0
41.34,7.766276348981001e-41,1.0,0.0,29.7509765625,0
41.44,7.783428242184337e-41,1.0,0.0,29.749710083007812,0
41.54,7.800075667940516e-41,1.0,0.0,29.74846649169922,0
41.64,7.817227561143851e-41,1.0,0.0,29.74717140197754,0
41.74,7.833874986900031e-41,1.0,0.0,29.745895385742188,0
41.84,7.85052241265621e-41,1.0,0.0,29.74460792541504,0
41.94,7.867674305859545e-41,1.0,0.0,29.74326515197754,0
42.04,7.884321731615724e-41,1.0,0.0,29.7419490814209,0
42.14,7.90147362481906e-41,1.0,0.0,29.740575790405273,0
42.25,7.918625518022396e-41,1.0,0.0,29.73918914794922,0
42.35,7.935272943778574e-41,1.0,0.0,29.737825393676758,0
42.45,7.95242483698191e-41,1.0,0.0,29.73641014099121,0
42.55,7.969072262738089e-41,1.0,0.0,29.735021591186523,0
42.65,7.985719688494268e-41,1.0,0.0,29.73361587524414,0
42.75,8.002871581697603e-41,1.0,0.0,29.73215675354004,0
42.85,8.019519007453783e-41,1.0,0.0,29.73072624206543,0
42.95,8.036670900657118e-41,1.0,0.0,29.729236602783203,0
43.05,8.053822793860454e-41,1.0,0.0,29.727733612060547,0
43.15,8.070470219616633e-41,1.0,0.0,29.72626304626465,0
43.25,8.087622112819969e-41,1.0,0.0,29.7247314453125,0
43.35,8.104269538576147e-41,1.0,0.0,29.72323226928711,0
43.45,8.121421431779483e-41,1.0,0.0,29.72167205810547,0
43.55,8.138068857535662e-41,1.0,0.0,29.72014808654785,0
43.65,8.155220750738997e-41,1.0,0.0,29.71856117248535,0
43.75,8.171868176495176e-41,1.0,0.0,29.71700668334961,0
43.85,8.189020069698512e-41,1.0,0.0,29.71539878845215,0
43.95,8.205667495454691e-41,1.0,0.0,29.713817596435547,0
44.06,8.222819388658027e-41,1.0,0.0,29.71217918395996,0
44.16,8.239466814414206e-41,1.0,0.0,29.710573196411133,0
44.26,8.256618707617542e-41,1.0,0.0,29.709226608276367,0
44.36,8.27326613337372e-41,1.0,0.0,29.708410263061523,0
44.46,8.290418026577056e-41,1.0,0.0,29.70797348022461,0
44.56,8.307065452333235e-41,1.0,0.0,29.706743240356445,0
44.66,8.32421734553657e-41,1.0,0.0007168143638409674,29.705434799194336,0
44.76,8.340864771292749e-41,0.7529499530792236,0.02025136910378933,29.704254150390625,0
44.86,8.358016664496085e-41,0.18584999442100525,0.09526317566633224,29.70345687866211,0
44.96,8.374664090252264e-41,0.0,0.29943251609802246,29.703332901000977,0
45.06,8.3918159834556e-41,0.0,0.48388993740081787,29.703332901000977,0
45.16,8.408463409211779e-41,0.0,0.5525384545326233,29.703332901000977,0
45.26,8.425615302415115e-41,0.0,0.5939034223556519,29.703332901000977,0
45.36,8.442262728171293e-41,0.0,0.6161009073257446,29.703332901000977,0
45.46,8.459414621374629e-41,0.0,0.6114071607589722,29.703332901000977,0
45.56,8.476062047130808e-41,0.0,0.5435819625854492,29.703332901000977,0
45.66,8.493213940334143e-41,0.0,0.4711810052394867,29.703332901000977,0
45.76,8.509861366090322e-41,0.0,0.4599646329879761,29.703332901000977,0
45.86,8.527013259293658e-41,0.0,0.40950146317481995,29.703332901000977,0
45.96,8.543660685049836e-41,0.0,0.34766754508018494,29.703332901000977,0
46.07,8.560812578253172e-41,0.0,0.2659702003002167,29.703332901000977,0
46.17,8.577460004009352e-41,0.0,0.22769781947135925,29.703332901000977,0
46.27,8.594611897212688e-41,0.0,0.22673727571964264,29.703332901000977,0
46.37,8.611259322968866e-41,0.0,0.240976482629776,29.703332901000977,0
46.47,8.628411216172202e-41,0.0,0.3041455149650574,29.703332901000977,0
46.57,8.645058641928381e-41,0.0,0.32641831040382385,29.703332901000977,0
46.67,8.662210535131716e-41,0.0,0.3266681432723999,29.703332901000977,0
46.77,8.678857960887895e-41,0.0,0.3104155957698822,29.703332901000977,0
46.87,8.696009854091231e-41,0.0,0.16578932106494904,29.703332901000977,0
46.97,8.712657279847409e-41,0.0,0.0,29.703332901000977,0
47.07,8.729809173050745e-41,0.2134000062942505,0.0,29.70316505432129,0
47.17,8.746456598806925e-41,0.4293999969959259,0.0,29.702728271484375,0
47.27,8.763608492010261e-41,0.43150001764297485,0.0,29.702194213867188,0
47.37,8.780760385213596e-41,0.44244998693466187,0.0,29.701650619506836,0
47.47,8.797407810969775e-41,0.47209998965263367,0.0,29.70110321044922,0
47.58,8.815568639067424e-41,0.49845001101493835,0.0,29.700469970703125,0
47.68,8.83272053227076e-41,0.5476999878883362,0.0,29.699848175048828,0
47.78,8.849872425474096e-41,0.7226999998092651,0.0,29.69916343688965,0
47.89,8.867024318677432e-41,0.8349000215530396,0.0,29.69838523864746,0
47.99,8.88367174443361e-41,0.8849999904632568,0.0,29.69755744934082,0
48.1,8.902337039978417e-41,0.8863499760627747,0.0,29.696603775024414,0
48.2,8.91999340062891e-41,0.897849977016449,0.0,29.69568634033203,0
48.3,8.937145293832245e-41,0.9352999925613403,0.0,29.694761276245117,0
48.4,8.953792719588424e-41,0.9830499887466431,0.0,29.693809509277344,0
48.51,8.97094461279176e-41,1.0,0.0,29.692768096923828,0
48.61,8.988600973442253e-41,1.0,0.0,29.691680908203125,0
48.71,9.005752866645589e-41,1.0,0.0,29.690608978271484,0
48.82,9.023409227296082e-41,1.0,0.0,29.689491271972656,0
48.92,9.040561120499417e-41,1.0,0.0,29.68840217590332,0
49.02,9.057713013702753e-41,1.0,0.0,29.68730354309082,0
49.12,9.074864906906089e-41,1.0,0.0,29.68619728088379,0
49.22,9.091512332662268e-41,0.8768500089645386,0.0,29.685131072998047,0
49.32,9.10916869331276e-41,0.3889999985694885,0.02777252346277237,29.684284210205078,0
49.43,9.125816119068939e-41,0.04195001721382141,0.17763735353946686,29.68389892578125,0
49.53,9.143472479719431e-41,0.0,0.3439214825630188,29.683883666992188,0
49.63,9.160119905475611e-41,0.0,0.40481242537498474,29.683883666992188,0
49.73,9.177271798678947e-41,0.0,0.405946284532547,29.683883666992188,0
49.98,9.218638129345816e-41,0.0,0.4055916965007782,29.683883666992188,0
50.14,9.245374904045132e-41,0.0,0.3324458599090576,29.683883666992188,0
50.24,9.26202232980131e-41,0.0,0.25594085454940796,29.683883666992188,0
50.34,9.280183157898961e-41,0.0,0.04850199073553085,29.683883666992188,0
50.45,9.297839518549454e-41,0.05555000901222229,0.0,29.683837890625,0
50.64,9.330629902614655e-41,0.39399999380111694,0.0,29.683034896850586,0
50.78,9.353835405183873e-41,0.48680001497268677,0.0,29.68208122253418,0
50.88,9.37098729838721e-41,0.45445001125335693,0.0,29.681339263916016,0
50.98,9.387634724143389e-41,0.12880000472068787,0.0,29.680789947509766,0
51.08,9.404786617346724e-41,0.0,0.0,29.680721282958984,0
51.19,9.421938510550059e-41,0.0,0.0,29.680721282958984,0
51.29,9.438585936306238e-41,0.0,0.0,29.680721282958984,0
51.39,9.455737829509575e-41,0.07190001010894775,0.0,29.680692672729492,0
51.49,9.47288972271291e-41,0.46924999356269836,0.0,29.680225372314453,0
51.59,9.490041615916245e-41,0.6164000034332275,0.0,29.679431915283203,0
51.69,9.506689041672424e-41,0.6323000192642212,0.0,29.678627014160156,0
51.79,9.52384093487576e-41,0.6802499890327454,0.0,29.677762985229492,0
51.89,9.540992828079096e-41,0.6860499978065491,0.0,29.67687225341797,0
51.99,9.557640253835275e-41,0.6324999928474426,0.0,29.676008224487305,0
52.09,9.57479214703861e-41,0.5649499893188477,0.0,29.675155639648438,0
52.2,9.59143957279479e-41,0.5763999819755554,0.0,29.674333572387695,0
52.3,9.608591465998124e-41,0.5982499718666077,0.0,29.6734676361084,0
52.4,9.625743359201461e-41,0.6369500160217285,0.0,29.672561645507812,0
52.5,9.642895252404796e-41,0.6344000101089478,0.0,29.671646118164062,0
52.6,9.660047145608133e-41,0.6410499811172485,0.0,29.670713424682617,0
52.7,9.67669457136431e-41,0.669700026512146,0.0,29.669845581054688,0
52.8,9.693846464567647e-41,0.7030999660491943,0.0,29.668865203857422,0
52.9,9.710998357770982e-41,0.7515499591827393,0.0,29.667835235595703,0
53.01,9.727645783527162e-41,0.8050999641418457,0.0,29.666908264160156,0
53.11,9.744797676730496e-41,0.8936499953269958,0.0,29.66574478149414,0
53.21,9.761445102486676e-41,1.0,0.0,29.664447784423828,0
53.31,9.778596995690013e-41,1.0,0.0,29.663040161132812,0
53.41,9.795748888893348e-41,1.0,0.0,29.661617279052734,0
53.51,9.812900782096683e-41,1.0,0.0,29.660160064697266,0
53.61,9.83005267530002e-41,1.0,0.0,29.658674240112305,0
53.72,9.847204568503355e-41,1.0,0.0,29.657155990600586,0
53.82,9.864356461706692e-41,1.0,0.0,29.655603408813477,0
53.92,9.881508354910026e-41,1.0,0.0,29.654022216796875,0
54.02,9.898155780666206e-41,1.0,0.0,29.652450561523438,0
54.12,9.91530767386954e-41,1.0,0.0,29.650806427001953,0
54.22,9.932459567072878e-41,1.0,0.0,29.649131774902344,0
54.32,9.949611460276213e-41,1.0,0.0,29.64743423461914,0
54.43,9.966763353479548e-41,1.0,0.0,29.645706176757812,0
54.53,9.983410779235727e-41,0.8766000270843506,0.00014428385475184768,29.64404296875,0
54.63,1.0000562672439064e-40,0.37150001525878906,0.014397130347788334,29.642772674560547,0
54.74,1.0018723500536712e-40,0.04270002245903015,0.05529121309518814,29.64214515686035,0
54.84,1.003587539374005e-40,0.0,0.059435147792100906,29.642120361328125,0
54.94,1.0053027286943384e-40,0.0,0.07027479261159897,29.642120361328125,0
55.04,1.0070683647593877e-40,0.0,0.15664446353912354,29.642120361328125,0
55.14,1.0087835540797212e-40,0.0,0.16057972609996796,29.642120361328125,0
55.25,1.010448296655339e-40,0.0,0.16004347801208496,29.642120361328125,0
55.36,1.0123652729545355e-40,0.0,0.13777829706668854,29.642120361328125,0
55.46,1.0140300155301534e-40,0.0,0.09505018591880798,29.642120361328125,0
55.56,1.015745204850487e-40,0.0,0.009727509692311287,29.642120361328125,0
55.67,1.017561287660252e-40,0.023650020360946655,0.0,29.642107009887695,0
55.79,1.0194782639594483e-40,0.03390002250671387,0.0,29.6419620513916,0
55.9,1.021496133748076e-40,0.04469999670982361,0.0,29.641775131225586,0
56.02,1.023463556791988e-40,0.15770000219345093,0.0,29.641387939453125,0
56.13,1.025279639601753e-40,0.1927500069141388,0.0,29.640878677368164,0
56.23,1.0269443821773708e-40,0.19990000128746033,0.0,29.640403747558594,0
56.34,1.0287604649871358e-40,0.22859999537467957,0.0,29.639867782592773,0
56.44,1.0304756543074693e-40,0.2618499994277954,0.0,29.639310836791992,0
56.54,1.0322412903725186e-40,0.2879999876022339,0.0,29.638702392578125,0
56.64,1.0339564796928523e-40,0.3410000205039978,0.0,29.638051986694336,0
56.75,1.0356716690131858e-40,0.37400001287460327,0.0,29.637327194213867,0
56.85,1.0373868583335195e-40,0.37599998712539673,0.0,29.636577606201172,0
56.95,1.0390516009091372e-40,0.376800000667572,0.0,29.63583755493164,0
57.05,1.0408172369741865e-40,0.37835001945495605,0.0,29.63504981994629,0
57.15,1.0425324262945202e-40,0.37985000014305115,0.0,29.634273529052734,0
57.26,1.0442476156148537e-40,0.3903000056743622,0.0,29.63349151611328,0
57.36,1.0459628049351874e-40,0.45190000534057617,0.0,29.632667541503906,0
57.46,1.047627547510805e-40,0.5925999879837036,0.0,29.631736755371094,0
57.56,1.0493427368311388e-40,0.6650999784469604,0.0,29.630661010742188,0
57.66,1.0510074794067567e-40,0.7390999794006348,0.0,29.629554748535156,0
57.76,1.0527226687270902e-40,0.8866499662399292,0.0,29.6283016204834,0
57.86,1.0544378580474237e-40,1.0,0.0,29.62698745727539,0
57.96,1.0561026006230416e-40,1.0,0.0,29.625551223754883,0
58.06,1.0577673431986596e-40,1.0,0.0,29.62401008605957,0
58.16,1.059482532518993e-40,1.0,0.0,29.62240982055664,0
58.26,1.061147275094611e-40,1.0,0.0,29.620847702026367,0
58.36,1.0628624644149447e-40,1.0,0.0,29.619218826293945,0
58.46,1.0645272069905624e-40,1.0,0.0,29.617610931396484,0
58.56,1.066242396310896e-40,1.0,0.0,29.61592674255371,0
58.66,1.067907138886514e-40,1.0,0.0,29.614261627197266,0
58.76,1.0696223282068475e-40,1.0,0.0,29.61252212524414,0
58.87,1.071337517527181e-40,1.0,0.0,29.61075782775879,0
58.97,1.073002260102799e-40,1.0,0.0,29.609024047851562,0
59.07,1.0747174494231326e-40,1.0,0.0,29.607213973999023,0
59.17,1.0763821919987503e-40,1.0,0.0,29.606021881103516,0
59.27,1.078097381319084e-40,1.0,0.0,29.605478286743164,0
59.37,1.079762123894702e-40,1.0,0.0,29.60471534729004,0
59.47,1.0814773132150355e-40,1.0,0.0,29.603927612304688,0
59.57,1.0831420557906534e-40,1.0,0.0,29.60268783569336,0
59.67,1.0848572451109869e-40,1.0,0.0,29.60139274597168,0
59.77,1.0865219876866048e-40,1.0,0.0,29.600122451782227,0
59.87,1.0882371770069383e-40,1.0,0.0,29.598796844482422,0
59.97,1.0899019195825562e-40,1.0,0.0,29.597496032714844,0
60.07,1.09161710890289e-40,1.0,0.0,29.596139907836914,0
60.17,1.0932818514785076e-40,1.0,0.0,29.594812393188477,0
60.27,1.0949970407988413e-40,1.0,0.0,29.59343147277832,0
60.37,1.0966617833744593e-40,1.0,0.0,29.592077255249023,0
60.47,1.0983769726947928e-40,1.0,0.0,29.590669631958008,0
60.57,1.1000417152704107e-40,1.0,0.0,29.58928871154785,0
60.68,1.1017569045907442e-40,1.0,0.0,29.58785057067871,0
60.78,1.103421647166362e-40,1.0,0.0,29.586441040039062,0
60.88,1.1051368364866956e-40,1.0,0.0,29.58497428894043,0
60.98,1.1068015790623135e-40,1.0,0.0,29.583539962768555,0
61.08,1.1085167683826472e-40,1.0,0.0,29.582046508789062,0
61.18,1.110181510958265e-40,1.0,0.0,29.580583572387695,0
61.28,1.1118967002785986e-40,1.0,0.0,29.579063415527344,0
61.38,1.1135614428542166e-40,1.0,0.0,29.577573776245117,0
61.48,1.11527663217455e-40,1.0,0.0,29.576025009155273,0
61.58,1.116941374750168e-40,1.0,0.0,29.57451057434082,0
61.68,1.1186565640705015e-40,1.0,0.0,29.57293701171875,0
61.78,1.1203213066461194e-40,1.0,0.0,29.571395874023438,0
61.88,1.1220364959664529e-40,1.0,0.0,29.569795608520508,0
61.98,1.1237516852867866e-40,1.0,0.0,29.56818389892578,0
62.08,1.1254164278624045e-40,1.0,0.0,29.566600799560547,0
62.18,1.127131617182738e-40,1.0,0.0,29.564964294433594,0
62.28,1.128796359758356e-40,1.0,0.0,29.563358306884766,0
62.38,1.1305115490786894e-40,1.0,0.0,29.561677932739258,0
62.49,1.1321762916543073e-40,1.0,0.0,29.560056686401367,0
62.59,1.1338914809746408e-40,1.0,0.0,29.558368682861328,0
62.69,1.1355562235502588e-40,1.0,0.0,29.556718826293945,0
62.79,1.1372714128705925e-40,1.0,0.0,29.555004119873047,0
62.89,1.1389361554462102e-40,1.0,0.0,29.553329467773438,0
62.99,1.1406513447665439e-40,1.0,0.0,29.55160140991211,0
63.09,1.1423160873421618e-40,1.0,0.0,29.549911499023438,0
63.19,1.1440312766624953e-40,1.0,0.0,29.548147201538086,0
63.29,1.1456960192381132e-40,1.0,0.0,29.54697036743164,0
63.39,1.1474112085584467e-40,1.0,0.0,29.546369552612305,0
63.49,1.1490759511340646e-40,1.0,0.0,29.545568466186523,0
63.59,1.1507911404543981e-40,1.0,0.0,29.54421043395996,0
63.69,1.152455883030016e-40,1.0,0.0,29.542865753173828,0
63.79,1.1541710723503498e-40,1.0,0.0,29.541475296020508,0
63.89,1.1558358149259675e-40,1.0,0.0,29.54010581970215,0
63.99,1.1575510042463012e-40,1.0,0.0,29.5386962890625,0
64.09,1.159215746821919e-40,1.0,0.0,29.537324905395508,0
64.19,1.1609309361422526e-40,1.0,0.0,29.53590202331543,0
64.29,1.1625956787178705e-40,1.0,0.0,29.53451156616211,0
64.39,1.164310868038204e-40,1.0,0.0,29.5330753326416,0
64.5,1.165975610613822e-40,1.0,0.0,29.531667709350586,0
64.6,1.1676907999341554e-40,1.0,0.0,29.53022003173828,0
64.7,1.1693555425097733e-40,1.0,0.0,29.5288028717041,0
64.8,1.171070731830107e-40,1.0,0.0,29.52733039855957,0
64.9,1.1727354744057248e-40,1.0,0.0,29.525901794433594,0
65.0,1.1744506637260585e-40,1.0,0.0,29.524423599243164,0
65.1,1.1761154063016764e-40,1.0,0.0,29.522981643676758,0
65.2,1.1778305956220099e-40,1.0,0.0,29.52147674560547,0
65.3,1.1794953381976278e-40,1.0,0.0,29.520023345947266,0
65.4,1.1811600807732457e-40,1.0,0.0,29.51856231689453,0
65.5,1.1828752700935792e-40,1.0,0.0,29.517047882080078,0
65.6,1.1845400126691971e-40,1.0,0.0,29.515565872192383,0
65.7,1.1862552019895306e-40,1.0,0.0,29.514036178588867,0
65.8,1.1879199445651486e-40,1.0,0.0,29.512550354003906,0
65.9,1.189635133885482e-40,1.0,0.0,29.511011123657227,0
66.0,1.1913503232058158e-40,1.0,0.0,29.50946044921875,0
66.1,1.1930150657814337e-40,1.0,0.0,29.507953643798828,0
66.2,1.1946798083570514e-40,1.0,0.0,29.506439208984375,0
66.3,1.196394997677385e-40,1.0,0.0,29.504867553710938,0
66.4,1.198059740253003e-40,1.0,0.0,29.503347396850586,0
66.5,1.1997749295733365e-40,1.0,0.0,29.50176239013672,0
66.6,1.2014396721489544e-40,1.0,0.0,29.500215530395508,0
66.71,1.203154861469288e-40,1.0,0.0,29.498626708984375,0
66.81,1.2048196040449059e-40,1.0,0.0,29.497074127197266,0
66.91,1.2065347933652394e-40,1.0,0.0,29.49547004699707,0
67.01,1.2081995359408573e-40,1.0,0.0,29.49390983581543,0
67.11,1.209914725261191e-40,1.0,0.0,29.492290496826172,0
67.21,1.2115794678368087e-40,1.0,0.0,29.490705490112305,0
67.31,1.2132946571571424e-40,1.0,0.0,29.48908233642578,0
67.41,1.2149593997327603e-40,1.0,0.0,29.487497329711914,0
67.51,1.2166745890530938e-40,1.0,0.0,29.48585319519043,0
67.61,1.2183393316287117e-40,1.0,0.0,29.484254837036133,0
67.71,1.2200545209490452e-40,1.0,0.0,29.482603073120117,0
67.81,1.2217192635246632e-40,1.0,0.0,29.480993270874023,0
67.91,1.2234344528449966e-40,1.0,0.0,29.47933006286621,0
68.01,1.2250991954206146e-40,1.0,0.0,29.47770881652832,0
68.11,1.2268143847409483e-40,1.0,0.0,29.47603416442871,0
68.21,1.228479127316566e-40,1.0,0.0,29.474401473999023,0
68.31,1.2301943166368997e-40,1.0,0.0,29.472715377807617,0
68.41,1.2318590592125176e-40,1.0,0.0,29.4710750579834,0
68.51,1.2335742485328511e-40,1.0,0.0,29.46938133239746,0
68.61,1.235238991108469e-40,1.0,0.0,29.467727661132812,0
68.72,1.2369541804288025e-40,1.0,0.0,29.466020584106445,0
68.82,1.2386189230044204e-40,1.0,0.0,29.4643611907959,0
68.92,1.240334112324754e-40,1.0,0.0,29.462642669677734,0
69.02,1.2419988549003719e-40,1.0,0.0,29.460973739624023,0
69.12,1.2437140442207056e-40,1.0,0.0,29.45924949645996,0
69.22,1.2453787867963233e-40,1.0,0.0,29.457569122314453,0
69.32,1.247093976116657e-40,1.0,0.0,29.455825805664062,0
69.42,1.2488091654369905e-40,1.0,0.0,29.45408058166504,0
69.52,1.2504739080126084e-40,1.0,0.0,29.452392578125,0
69.62,1.2521890973329419e-40,1.0,0.0,29.45064353942871,0
69.72,1.2538538399085598e-40,1.0,0.0,29.448938369750977,0
69.82,1.2555690292288935e-40,1.0,0.0,29.447181701660156,0
69.92,1.2572337718045112e-40,1.0,0.0,29.445472717285156,0
70.02,1.258948961124845e-40,1.0,0.0,29.44370460510254,0
70.12,1.2606137037004629e-40,1.0,0.0,29.441987991333008,0
70.22,1.2623288930207964e-40,1.0,0.0,29.44066619873047,0
70.32,1.2639936355964143e-40,1.0,0.0,29.439849853515625,0
70.42,1.2657088249167478e-40,1.0,0.0,29.438993453979492,0
70.53,1.2673735674923657e-40,1.0,0.0,29.437665939331055,0
70.63,1.2690887568126992e-40,1.0,0.0,29.43622589111328,0
70.73,1.2707534993883171e-40,1.0,0.0,29.434823989868164,0
70.83,1.2724686887086508e-40,1.0,0.0,29.433378219604492,0
70.93,1.2741334312842685e-40,1.0,0.0,29.431970596313477,0
71.03,1.2758486206046022e-40,1.0,0.0,29.43051528930664,0
71.13,1.2775133631802202e-40,1.0,0.0,29.429105758666992,0
71.23,1.2792285525005536e-40,1.0,0.0,29.427642822265625,0
71.33,1.2808932950761716e-40,1.0,0.0,29.42622184753418,0
71.43,1.282608484396505e-40,1.0,0.0,29.42475700378418,0
71.53,1.284273226972123e-40,1.0,0.0,29.4233341217041,0
71.63,1.2859884162924565e-40,1.0,0.0,29.421863555908203,0
71.73,1.2876531588680744e-40,1.0,0.0,29.420427322387695,0
71.83,1.2893683481884081e-40,1.0,0.0,29.4189453125,0
71.93,1.2910330907640258e-40,1.0,0.0,29.41751480102539,0
72.03,1.2927482800843595e-40,1.0,0.0,29.41602325439453,0
72.13,1.2944130226599774e-40,1.0,0.0,29.414581298828125,0
72.23,1.296128211980311e-40,1.0,0.0,29.413095474243164,0
72.34,1.2977929545559289e-40,1.0,0.0,29.411643981933594,0
72.44,1.2995081438762624e-40,1.0,0.0,29.410154342651367,0
72.54,1.3011728864518803e-40,1.0,0.0,29.4086856842041,0
72.64,1.3028880757722138e-40,1.0,0.0,29.40718650817871,0
72.74,1.3045528183478317e-40,1.0,0.0,29.405729293823242,0
72.84,1.3062680076681654e-40,1.0,0.0,29.404218673706055,0
72.94,1.3079327502437831e-40,1.0,0.0,29.402761459350586,0
73.04,1.3096479395641168e-40,1.0,0.0,29.401243209838867,0
73.14,1.3113126821397347e-40,1.0,0.0,29.399763107299805,0
73.24,1.3130278714600682e-40,1.0,0.0,29.398252487182617,0
73.34,1.3146926140356862e-40,1.0,0.0,29.396759033203125,0
73.44,1.3164078033560197e-40,1.0,0.0,29.395240783691406,0
73.54,1.3180725459316376e-40,1.0,0.0,29.393762588500977,0
73.64,1.319787735251971e-40,1.0,0.0,29.392223358154297,0
73.74,1.3215029245723048e-40,1.0,0.0,29.390701293945312,0
73.84,1.3231676671479227e-40,1.0,0.0,29.38921356201172,0
73.94,1.3248828564682562e-40,1.0,0.0,29.387676239013672,0
74.04,1.3265475990438741e-40,1.0,0.0,29.386178970336914,0
74.14,1.328212341619492e-40,1.0,0.0,29.38468360900879,0
74.24,1.3299275309398255e-40,1.0,0.0,29.383146286010742,0
74.35,1.331642720260159e-40,1.0,0.0,29.38160514831543,0
74.45,1.333307462835777e-40,1.0,0.0,29.380098342895508,0
74.55,1.3350226521561106e-40,1.0,0.0,29.378549575805664,0
74.65,1.3366873947317284e-40,1.0,0.0,29.377046585083008,0
74.75,1.338402584052062e-40,1.0,0.0,29.37548065185547,0
74.85,1.34006732662768e-40,1.0,0.0,29.373960494995117,0
74.95,1.3417825159480135e-40,1.0,0.0,29.372407913208008,0
75.05,1.3434472585236314e-40,1.0,0.0,29.370895385742188,0
75.15,1.345162447843965e-40,1.0,0.0,29.36932945251465,0
75.25,1.3468271904195828e-40,1.0,0.0,29.36780548095703,0
75.35,1.3485423797399163e-40,1.0,0.004646288696676493,29.366243362426758,0
75.45,1.3502071223155342e-40,0.6588500142097473,0.10705024749040604,29.364845275878906,0
75.55,1.351922311635868e-40,0.0,0.44807887077331543,29.36417579650879,0
75.65,1.3535870542114857e-40,0.0,0.7081139087677002,29.36417579650879,0
75.75,1.3553022435318194e-40,0.0,0.8200247287750244,29.36417579650879,0
75.85,1.3569669861074373e-40,0.0,0.863760769367218,29.36417579650879,0
75.95,1.3586821754277708e-40,0.0,0.9206762313842773,29.36417579650879,0
76.05,1.3603469180033887e-40,0.0,0.9290460348129272,29.36417579650879,0
76.15,1.3620621073237222e-40,0.0,0.9369978904724121,29.36417579650879,0
76.26,1.3637268498993401e-40,0.0,0.8871902227401733,29.36417579650879,0
76.36,1.3654420392196736e-40,0.0,0.816502034664154,29.36417579650879,0
76.46,1.3671067817952915e-40,0.0,0.725206732749939,29.36417579650879,0
76.56,1.3688219711156252e-40,0.0,0.6414574384689331,29.36417579650879,0
76.66,1.370486713691243e-40,0.0,0.5865803360939026,29.36417579650879,0
76.76,1.3722019030115767e-40,0.0,0.5386338829994202,29.36417579650879,0
76.86,1.3738666455871946e-40,0.0,0.5382992625236511,29.36417579650879,0
76.96,1.375581834907528e-40,0.0,0.5164886713027954,29.36417579650879,0
77.06,1.3772970242278616e-40,0.0,0.48075294494628906,29.36417579650879,0
77.16,1.3789617668034795e-40,0.0,0.4360782504081726,29.36417579650879,0
77.26,1.3806769561238132e-40,0.0,0.3022313117980957,29.36417579650879,0
77.36,1.382341698699431e-40,0.0,0.07444990426301956,29.36417579650879,0
77.46,1.3840568880197646e-40,0.02150002121925354,0.0,29.364171981811523,0
77.56,1.3857216305953825e-40,0.046149998903274536,0.0,29.364038467407227,0
77.66,1.387436819915716e-40,0.055150002241134644,0.0,29.363834381103516,0
77.76,1.389101562491334e-40,0.07450002431869507,0.0,29.363595962524414,0
77.86,1.3908167518116674e-40,0.1384499967098236,0.0,29.363218307495117,0
77.97,1.3924814943872854e-40,0.23025000095367432,0.0,29.36278533935547,0
78.07,1.3941966837076189e-40,0.39125001430511475,0.0,29.362180709838867,0
78.17,1.3958614262832368e-40,0.44830000400543213,0.0,29.361433029174805,0
78.27,1.3975766156035705e-40,0.44350001215934753,0.0,29.360639572143555,0
78.37,1.3992413581791882e-40,0.43994998931884766,0.0,29.35987091064453,0
78.47,1.4009565474995219e-40,0.4440999925136566,0.0,29.359079360961914,0
78.57,1.4026212900751398e-40,0.4866499900817871,0.0,29.358287811279297,0
78.67,1.4043364793954733e-40,0.6280499696731567,0.0,29.35736846923828,0
78.77,1.4060012219710912e-40,0.6691499948501587,0.0,29.356403350830078,0
78.87,1.4077164112914247e-40,0.6678000092506409,0.0,29.355398178100586,0
78.97,1.4093811538670427e-40,0.6682499647140503,0.0,29.354419708251953,0
79.07,1.4110963431873762e-40,0.6726000308990479,0.0,29.35340690612793,0
79.17,1.412761085762994e-40,0.6803500056266785,0.0,29.3524169921875,0
79.28,1.4145267218280433e-40,0.6978499889373779,0.0,29.351356506347656,0
79.38,1.4161914644036613e-40,0.7219499945640564,0.0,29.350332260131836,0
79.48,1.4179066537239948e-40,0.7196999788284302,0.0,29.34926414489746,0
79.58,1.4195713962996127e-40,0.7113000154495239,0.0,29.34823226928711,0
79.68,1.4212865856199464e-40,0.7267999649047852,0.0,29.347164154052734,0
79.78,1.4229513281955641e-40,0.8228499889373779,0.0,29.346073150634766,0
79.88,1.4246665175158978e-40,0.9995499849319458,0.0,29.34478187561035,0
79.98,1.4263312600915157e-40,1.0,0.0,29.343385696411133,0
80.08,1.4280464494118492e-40,1.0,0.0,29.34193992614746,0
80.18,1.4297111919874671e-40,1.0,0.0,29.340530395507812,0
80.28,1.4314263813078006e-40,1.0,0.0,29.339067459106445,0
80.38,1.4330911238834186e-40,1.0,0.0,29.337646484375,0
80.48,1.434806313203752e-40,1.0,0.0,29.336172103881836,0
80.58,1.43647105577937e-40,1.0,0.0,29.334732055664062,0
80.68,1.4381862450997037e-40,1.0,0.0,29.333234786987305,0
80.78,1.4399014344200372e-40,1.0,0.0,29.331724166870117,0
80.88,1.441566176995655e-40,1.0,0.0,29.330244064331055,0
80.99,1.4432813663159886e-40,0.9154000282287598,0.0,29.32872772216797,0
81.09,1.4449461088916065e-40,0.672950029373169,0.0,29.32750701904297,0
81.19,1.44666129821194e-40,0.6226500272750854,0.0,29.32640838623047,0
81.29,1.448326040787558e-40,0.6335999965667725,0.0,29.32533836364746,0
81.39,1.4500412301078916e-40,0.638450026512146,0.0,29.3242244720459,0
81.49,1.4517059726835093e-40,0.6360999941825867,0.0,29.323139190673828,0
81.59,1.453421162003843e-40,0.6317499876022339,0.0,29.32201385498047,0
81.69,1.455085904579461e-40,0.46880000829696655,0.0,29.32095718383789,0
81.79,1.4568010938997945e-40,0.0,0.0,29.320396423339844,0
81.89,1.4584658364754124e-40,0.0,0.0,29.320396423339844,0
81.99,1.4601810257957459e-40,0.0,0.0,29.320396423339844,0
82.09,1.4618457683713638e-40,0.0,0.0,29.320396423339844,0
82.19,1.4635609576916973e-40,0.0,0.0,29.320396423339844,0
82.29,1.4652257002673152e-40,0.0,0.0,29.320396423339844,0
82.39,1.466940889587649e-40,0.05960002541542053,0.0,29.32034683227539,0
82.49,1.4686560789079824e-40,0.3343999981880188,0.0,29.319856643676758,0
82.59,1.4703208214836003e-40,0.5989500284194946,0.0,29.319000244140625,0
82.69,1.4720360108039338e-40,0.7859500050544739,0.0,29.317901611328125,0
82.8,1.4737007533795518e-40,0.9662500023841858,0.0,29.3166446685791,0
82.9,1.4754159426998853e-40,1.0,0.0,29.315160751342773,0
83.0,1.4770806852755032e-40,1.0,0.0,29.313703536987305,0
83.1,1.4787958745958369e-40,1.0,0.0,29.31220054626465,0
83.2,1.4804606171714546e-40,1.0,0.0,29.31072998046875,0
83.3,1.4821758064917883e-40,1.0,0.0,29.309206008911133,0
83.4,1.4838405490674062e-40,1.0,0.0,29.307716369628906,0
83.5,1.4855557383877397e-40,1.0,0.0,29.306177139282227,0
83.6,1.4872204809633576e-40,1.0,0.0,29.304672241210938,0
83.7,1.4889356702836911e-40,1.0,0.0,29.30310821533203,0
83.8,1.490600412859309e-40,1.0,0.0,29.301576614379883,0
83.9,1.4923156021796425e-40,1.0,0.0,29.29998779296875,0
84.0,1.4939803447552605e-40,1.0,0.0,29.29843521118164,0
84.1,1.4956955340755942e-40,1.0,0.0,29.296817779541016,0
84.2,1.4973602766512119e-40,1.0,0.0,29.29524040222168,0
84.3,1.4990754659715456e-40,1.0,0.0,29.293598175048828,0
84.4,1.5007402085471635e-40,1.0,0.0,29.2919979095459,0
84.5,1.5024049511227812e-40,1.0,0.0,29.290380477905273,0
84.6,1.504120140443115e-40,1.0,0.0,29.288700103759766,0
84.7,1.5058353297634484e-40,1.0,0.0,29.287012100219727,0
84.81,1.5075000723390663e-40,0.8440999984741211,0.0,29.285419464111328,0
84.91,1.5092152616593998e-40,0.6865000128746033,0.0,29.284093856811523,0
85.01,1.5108800042350178e-40,0.582800030708313,0.0,29.282901763916016,0
85.11,1.5125951935553515e-40,0.48794999718666077,0.0,29.281784057617188,0
85.21,1.5142599361309692e-40,0.4844000041484833,0.0,29.280729293823242,0
85.31,1.5159751254513029e-40,0.3939000070095062,0.0,29.279705047607422,0
85.41,1.5176398680269208e-40,0.08920001983642578,0.0,29.279016494750977,0
85.51,1.5193550573472543e-40,0.0,0.0030957148410379887,29.278940200805664,0
85.61,1.5210197999228722e-40,0.0,0.13232947885990143,29.278940200805664,0
85.71,1.5227349892432057e-40,0.0,0.29529228806495667,29.278940200805664,0
85.81,1.5243997318188236e-40,0.0,0.37672552466392517,29.278940200805664,0
85.91,1.5261149211391571e-40,0.0,0.38637036085128784,29.278940200805664,0
86.01,1.527779663714775e-40,0.0,0.3858881890773773,29.278940200805664,0
86.11,1.5294948530351088e-40,0.0,0.3763861358165741,29.278940200805664,0
86.21,1.5312100423554423e-40,0.0,0.3262309432029724,29.278940200805664,0
86.31,1.5328747849310602e-40,0.0,0.24911248683929443,29.278940200805664,0
86.41,1.5345899742513937e-40,0.11070001125335693,0.06433449685573578,29.27882194519043,0
86.52,1.5362547168270116e-40,0.34724998474121094,0.0,29.278356552124023,0
86.62,1.537969906147345e-40,0.5996000170707703,0.0,29.277511596679688,0
86.72,1.539634648722963e-40,0.6929000020027161,0.0,29.276588439941406,0
86.82,1.541299391298581e-40,0.708299994468689,0.0,29.275421142578125,0
86.92,1.5430145806189144e-40,0.6225500106811523,0.0,29.274160385131836,0
87.02,1.5447297699392481e-40,0.217849999666214,0.0,29.2734375,0
87.12,1.546394512514866e-40,0.0,0.0,29.27322769165039,0
87.22,1.5480592550904838e-40,0.0,0.0,29.27322769165039,0
87.32,1.5497744444108175e-40,0.0,0.0,29.27322769165039,0
87.42,1.5514391869864354e-40,0.0,0.0,29.27322769165039,0
87.52,1.5531543763067689e-40,0.0,0.0,29.27322769165039,0
87.62,1.5548191188823868e-40,0.0,0.0,29.27322769165039,0
87.72,1.5565343082027203e-40,0.0,0.0,29.27322769165039,0
87.82,1.5581990507783382e-40,0.0,0.0,29.27322769165039,0
87.92,1.5599142400986717e-40,0.0,0.0,29.27322769165039,0
88.02,1.5615789826742896e-40,0.0,0.0,29.27322769165039,0
88.12,1.5632941719946233e-40,0.0,0.0,29.27322769165039,0
88.22,1.564958914570241e-40,0.0,0.0,29.27322769165039,0
88.32,1.5666741038905748e-40,0.0,0.0,29.27322769165039,0
88.42,1.5683892932109083e-40,0.0,0.0,29.27322769165039,0
88.53,1.5700540357865262e-40,0.4282500147819519,0.0,29.27284049987793,0
88.63,1.5717692251068597e-40,0.8679499626159668,0.0,29.271835327148438,0
88.73,1.5734339676824776e-40,1.0,0.0,29.27052116394043,0
88.83,1.5751491570028113e-40,1.0,0.0,29.269086837768555,0
88.93,1.576813899578429e-40,1.0,0.0,29.26766586303711,0
89.03,1.5785290888987627e-40,1.0,0.0,29.266172409057617,0
89.13,1.5801938314743806e-40,1.0,0.0,29.264698028564453,0
89.23,1.5819090207947141e-40,1.0,0.0,29.263151168823242,0
89.33,1.583573763370332e-40,1.0,0.0,29.261627197265625,0
89.43,1.5852889526906656e-40,1.0,0.0,29.260028839111328,0
89.53,1.5869536952662835e-40,1.0,0.0,29.258447647094727,0
89.63,1.588668884586617e-40,1.0,0.0,29.256790161132812,0
89.73,1.5903336271622349e-40,1.0,0.0,29.255151748657227,0
89.83,1.5920488164825686e-40,1.0,0.0,29.25343894958496,0
89.93,1.5937135590581863e-40,1.0,0.0,29.25174903869629,0
90.03,1.59542874837852e-40,1.0,0.0,29.249984741210938,0
90.13,1.597093490954138e-40,1.0,0.0,29.248249053955078,0
90.23,1.5988086802744714e-40,1.0,0.0,29.246435165405273,0
90.34,1.6004734228500894e-40,1.0,0.0,29.24588966369629,0
90.44,1.6021886121704228e-40,0.9436500072479248,0.0,29.245073318481445,0
90.54,1.6039038014907565e-40,0.4325999915599823,0.0,29.244583129882812,0
90.64,1.6055685440663743e-40,0.020550012588500977,0.0,29.244184494018555,0
90.74,1.607283733386708e-40,0.0,0.0,29.244182586669922,0
90.84,1.6089484759623259e-40,0.0,0.0,29.244182586669922,0
90.94,1.6106132185379436e-40,0.0,0.0,29.244182586669922,0
91.04,1.6123284078582773e-40,0.07790002226829529,0.0,29.244068145751953,0
91.14,1.6139931504338952e-40,0.12354999780654907,0.0,29.243724822998047,0
91.24,1.6157083397542287e-40,0.1319500207901001,0.0,29.24334716796875,0
91.34,1.6173730823298466e-40,0.20829999446868896,0.0,29.242963790893555,0
91.44,1.6190882716501801e-40,0.42010000348091125,0.0,29.242412567138672,0
91.54,1.620753014225798e-40,0.491349995136261,0.0,29.241676330566406,0
91.64,1.6224682035461316e-40,0.4994499981403351,0.0,29.240886688232422,0
91.74,1.6241329461217495e-40,0.4970499873161316,0.0,29.240116119384766,0
91.84,1.6258481354420832e-40,0.453000009059906,0.0,29.23933219909668,0
91.94,1.627512878017701e-40,0.17759999632835388,0.0,29.238750457763672,0
92.04,1.6292280673380346e-40,0.0,0.0,29.238603591918945,0
92.14,1.630943256658368e-40,0.0,0.0,29.238603591918945,0
92.24,1.632607999233986e-40,0.0,0.0,29.238603591918945,0
92.35,1.634272741809604e-40,0.0,0.0,29.238603591918945,0
92.45,1.6359879311299374e-40,0.1641000211238861,0.0,29.238489151000977,0
92.55,1.6377031204502711e-40,0.5672000050544739,0.0,29.237878799438477,0
92.65,1.6393678630258889e-40,0.6426500082015991,0.0,29.237070083618164,0
92.75,1.6410830523462226e-40,0.6422500014305115,0.0,29.236228942871094,0
92.85,1.6427477949218405e-40,0.6122000217437744,0.0,29.235416412353516,0
92.95,1.644462984242174e-40,0.33775001764297485,0.0,29.23467445373535,0
93.05,1.6461277268177919e-40,0.0,0.0,29.234346389770508,0
93.15,1.6478429161381254e-40,0.0,0.0,29.234346389770508,0
93.25,1.6495076587137433e-40,0.0,0.0,29.234346389770508,0
93.35,1.6512228480340768e-40,0.0,0.0,29.234346389770508,0
93.45,1.6528875906096947e-40,0.0,0.0,29.234346389770508,0
93.55,1.6546027799300284e-40,0.0,0.0,29.234346389770508,0
93.65,1.6562675225056461e-40,0.12770000100135803,0.0,29.234210968017578,0
93.75,1.657932265081264e-40,0.3436499834060669,0.0,29.233827590942383,0
93.85,1.6596474544015978e-40,0.5898000001907349,0.0,29.233179092407227,0
93.95,1.6613121969772155e-40,0.7482500076293945,0.0,29.23241424560547,0
94.05,1.6630273862975492e-40,0.9215999841690063,0.0,29.231515884399414,0
94.15,1.6647425756178827e-40,1.0,0.0,29.23044776916504,0
94.25,1.6664073181935006e-40,1.0,0.0,29.229387283325195,0
94.36,1.668122507513834e-40,0.6272500157356262,0.0,29.228408813476562,0
94.46,1.669787250089452e-40,0.0,0.0006941813626326621,29.227989196777344,0
94.56,1.6715024394097857e-40,0.0,0.013232612051069736,29.227989196777344,0
94.66,1.6731671819854034e-40,0.0,0.01944652386009693,29.227989196777344,0
94.76,1.6748823713057371e-40,0.0,0.0007080590585246682,29.227989196777344,0
94.86,1.676547113881355e-40,0.0,0.0,29.227989196777344,0
94.96,1.6782623032016886e-40,0.0,0.0,29.227989196777344,0
95.06,1.6799270457773065e-40,0.0,0.0,29.227989196777344,0
95.16,1.68164223509764e-40,0.08779999613761902,0.0,29.22792625427246,0
95.26,1.6833069776732579e-40,0.4429500102996826,0.0,29.227542877197266,0
95.36,1.6850221669935914e-40,0.7378000020980835,0.0,29.226818084716797,0
95.46,1.6866869095692093e-40,0.7509499788284302,0.0,29.22603988647461,0
95.56,1.688402098889543e-40,0.7222499847412109,0.0,29.225238800048828,0
95.66,1.6900668414651607e-40,0.5181499719619751,0.0,29.224517822265625,0
95.77,1.691529797061916e-40,0.2639999985694885,0.0,29.224044799804688,0
95.87,1.693497220105828e-40,0.092600017786026,0.0,29.223669052124023,0
95.97,1.6952124094261616e-40,0.048950016498565674,0.0,29.223472595214844,0
96.07,1.6968771520017793e-40,0.04725000262260437,0.0,29.223342895507812,0
96.17,1.698592341322113e-40,0.10180002450942993,0.0,29.223155975341797,0
96.27,1.700257083897731e-40,0.23765000700950623,0.0,29.22283172607422,0
96.37,1.7019722732180645e-40,0.42065000534057617,0.0,29.22224235534668,0
96.47,1.7036370157936824e-40,0.6646499633789062,0.0,29.221345901489258,0
96.57,1.7053522051140159e-40,0.8271999955177307,0.0,29.220413208007812,0
96.67,1.7070169476896338e-40,0.9269000291824341,0.0,29.21947479248047,0
96.77,1.7086816902652517e-40,0.9340499639511108,0.0,29.218387603759766,0
96.87,1.7103968795855852e-40,0.8614000082015991,0.0,29.2170467376709,0
96.97,1.712112068905919e-40,0.837149977684021,0.0,29.215787887573242,0
97.07,1.7137768114815366e-40,0.8543000221252441,0.0,29.214569091796875,0
97.17,1.7154920008018703e-40,0.9644500017166138,0.0,29.213220596313477,0
97.27,1.7171567433774883e-40,1.0,0.0,29.21174430847168,0
97.37,1.7188719326978218e-40,0.870199978351593,0.0,29.210220336914062,0
97.48,1.7205366752734397e-40,0.35895001888275146,0.0,29.209129333496094,0
97.58,1.7222518645937732e-40,0.13015002012252808,0.0,29.208572387695312,0
97.68,1.723916607169391e-40,0.413100004196167,0.0,29.207984924316406,0
97.78,1.7256317964897246e-40,0.7327499985694885,0.0,29.20688819885254,0
97.88,1.7272965390653425e-40,0.7998999953269958,0.0,29.20562744140625,0
97.98,1.7290117283856762e-40,0.7878999710083008,0.0,29.20428466796875,0
98.08,1.730676470961294e-40,0.7015500068664551,0.0,29.203020095825195,0
98.18,1.7323916602816276e-40,0.5514500141143799,0.0,29.201826095581055,0
98.28,1.7340564028572456e-40,0.5284500122070312,0.0,29.200748443603516,0
98.38,1.735771592177579e-40,0.5644000172615051,0.0,29.19961929321289,0
98.48,1.737436334753197e-40,0.6563000082969666,0.0,29.19847297668457,0
98.58,1.7391515240735305e-40,0.7920500040054321,0.0,29.197166442871094,0
98.68,1.7408162666491484e-40,0.9103000164031982,0.0,29.195728302001953,0
98.78,1.7425314559694819e-40,0.990399956703186,0.0,29.194068908691406,0
98.88,1.7441961985450998e-40,1.0,0.0,29.192354202270508,0
98.98,1.7459113878654335e-40,1.0,0.0,29.190568923950195,0
99.08,1.7475761304410512e-40,1.0,0.0,29.188817977905273,0
99.18,1.749291319761385e-40,1.0,0.0,29.187082290649414,0
99.28,1.7509560623370028e-40,1.0,0.0,29.186384201049805,0
99.38,1.7526712516573363e-40,1.0,0.0,29.18556785583496,0
99.48,1.7543359942329543e-40,1.0,0.0,29.18486213684082,0
99.58,1.7560511835532878e-40,1.0,0.0,29.184751510620117,0
99.69,1.7577159261289057e-40,1.0,0.0,29.184473037719727,0
99.79,1.7594311154492392e-40,1.0,0.0,29.18362808227539,0
99.89,1.7610958580248571e-40,1.0,0.0,29.182607650756836,0
99.99,1.7628110473451908e-40,1.0,0.0,29.181392669677734,0
100.09,1.7644757899208085e-40,1.0,0.0,29.180225372314453,0
100.19,1.7661909792411422e-40,1.0,0.0,29.179025650024414,0
100.29,1.7678557218167601e-40,1.0,0.0,29.177837371826172,0
100.39,1.7695709111370936e-40,1.0,0.0,29.176605224609375,0
100.49,1.7712356537127116e-40,1.0,0.0,29.1754093170166,0
100.59,1.772950843033045e-40,1.0,0.0,29.174169540405273,0
100.69,1.774615585608663e-40,1.0,0.0,29.172943115234375,0
100.79,1.7763307749289965e-40,1.0,0.0,29.171659469604492,0
100.89,1.7779955175046144e-40,1.0,0.0,29.170406341552734,0
100.99,1.779710706824948e-40,1.0,0.0,29.169103622436523,0
101.09,1.7813754494005658e-40,1.0,0.0,29.167831420898438,0
101.19,1.7830906387208995e-40,1.0,0.0,29.166507720947266,0
101.29,1.7847553812965174e-40,1.0,0.0,29.165210723876953,0
101.39,1.786470570616851e-40,1.0,0.0,29.163862228393555,0
101.5,1.7881353131924689e-40,1.0,0.0,29.162538528442383,0
101.6,1.7898505025128023e-40,1.0,0.0,29.161163330078125,0
101.7,1.7915152450884203e-40,1.0,0.0,29.159812927246094,0
101.8,1.7932304344087538e-40,1.0,0.0,29.158411026000977,0
101.9,1.7948951769843717e-40,1.0,0.0,29.157033920288086,0
102.0,1.7966103663047054e-40,1.0,0.0,29.155601501464844,0
102.1,1.7982751088803231e-40,1.0,0.0,29.154199600219727,0
102.2,1.7999902982006568e-40,1.0,0.0,29.15273666381836,0
102.3,1.8016550407762747e-40,1.0,0.0,29.15130615234375,0
102.4,1.8033702300966082e-40,1.0,0.0,29.149818420410156,0
102.5,1.8050349726722261e-40,1.0,0.0,29.148359298706055,0
102.6,1.8067501619925596e-40,1.0,0.0,29.14684295654297,0
102.7,1.8084653513128933e-40,1.0,0.0,29.14531135559082,0
102.8,1.810130093888511e-40,1.0,0.0,29.14381217956543,0
102.9,1.8118452832088448e-40,1.0,0.0,29.14225196838379,0
103.0,1.8135100257844627e-40,1.0,0.0,29.140731811523438,0
103.1,1.8152252151047962e-40,1.0,0.0,29.139141082763672,0
103.2,1.816889957680414e-40,1.0,0.0,29.13759422302246,0
103.3,1.818554700256032e-40,1.0,0.0,29.136001586914062,0
103.4,1.8202698895763655e-40,1.0,0.0,29.134363174438477,0
103.51,1.8219346321519834e-40,1.0,0.0,29.13277816772461,0
103.61,1.823649821472317e-40,1.0,0.0,29.131128311157227,0
103.71,1.8253650107926506e-40,1.0,0.0,29.12946128845215,0
103.81,1.8270297533682684e-40,1.0,0.0,29.127830505371094,0
103.91,1.828744942688602e-40,1.0,0.0,29.126144409179688,0
104.01,1.83040968526422e-40,1.0,0.0,29.124496459960938,0
104.11,1.8321248745845535e-40,1.0,0.0,29.122777938842773,0
104.21,1.8337896171601714e-40,1.0,0.0,29.121105194091797,0
104.31,1.8355048064805049e-40,1.0,0.0,29.11937141418457,0
104.41,1.837169549056123e-40,1.0,0.0,29.11767578125,0
104.51,1.8388847383764565e-40,1.0,0.0,29.11591911315918,0
104.61,1.8405494809520742e-40,1.0,0.0,29.11420249938965,0
104.71,1.8422646702724077e-40,1.0,0.0,29.112424850463867,0
104.81,1.843929412848026e-40,1.0,0.0,29.11069107055664,0
104.91,1.8456446021683593e-40,1.0,0.0,29.1088924407959,0
105.01,1.847309344743977e-40,1.0,0.0,29.10791778564453,0
105.11,1.849024534064311e-40,1.0,0.0,29.107101440429688,0
105.21,1.8506892766399287e-40,1.0,0.0,29.106538772583008,0
105.31,1.852404465960262e-40,1.0,0.0,29.105127334594727,0
105.42,1.8540692085358803e-40,1.0,0.0,29.103740692138672,0
105.52,1.855784397856214e-40,1.0,0.0,29.102313995361328,0
105.62,1.8574491404318315e-40,1.0,0.0,29.100921630859375,0
105.72,1.859164329752165e-40,1.0,0.0,29.099472045898438,0
105.82,1.860829072327783e-40,1.0,0.0,29.09806251525879,0
105.92,1.8625442616481166e-40,1.0,0.0,29.096601486206055,0
106.02,1.8642090042237344e-40,1.0,0.0,29.095182418823242,0
106.12,1.8659241935440683e-40,1.0,0.0,29.093711853027344,0
106.22,1.867588936119686e-40,1.0,0.0,29.09226417541504,0
106.32,1.8693041254400195e-40,1.0,0.0,29.09078025817871,0
106.42,1.8709688680156376e-40,1.0,0.0,29.089332580566406,0
106.52,1.872684057335971e-40,1.0,0.0,29.087827682495117,0
106.62,1.874348799911589e-40,1.0,0.0,29.08636474609375,0
106.72,1.8760639892319223e-40,1.0,0.0,29.084848403930664,0
106.82,1.8777287318075404e-40,1.0,0.0,29.083370208740234,0
106.92,1.879443921127874e-40,1.0,0.0,29.08184242248535,0
107.02,1.8811086637034917e-40,1.0,0.0,29.08034896850586,0
107.12,1.8828238530238256e-40,1.0,0.0,29.078807830810547,0
107.22,1.8844885955994433e-40,1.0,0.0,29.07730484008789,0
107.33,1.8862037849197768e-40,1.0,0.0,29.07573127746582,0
107.43,1.8877676340059633e-40,1.0,0.0,29.074302673339844,0
107.53,1.8896846103051595e-40,1.0,0.0,29.072551727294922,0
107.63,1.8913493528807777e-40,1.0,0.0,29.071020126342773,0
107.73,1.893064542201111e-40,1.0,0.0,29.069435119628906,0
107.83,1.894729284776729e-40,1.0,0.0,29.067890167236328,0
107.93,1.896394027352347e-40,1.0,0.0,29.066341400146484,0
108.03,1.8981092166726805e-40,1.0,0.0,29.064735412597656,0
108.13,1.899824405993014e-40,1.0,0.0,29.063125610351562,0
108.24,1.901489148568632e-40,1.0,0.0,29.06155776977539,0
108.34,1.9032043378889656e-40,1.0,0.0,29.059932708740234,0
108.44,1.9048690804645833e-40,1.0,0.0,29.058351516723633,0
108.54,1.906584269784917e-40,1.0,0.0,29.056713104248047,0
108.64,1.908249012360535e-40,1.0,0.0,29.05512046813965,0
108.74,1.9099642016808684e-40,1.0,0.0,29.0534725189209,0
108.84,1.911628944256486e-40,1.0,0.0,29.051856994628906,0
108.94,1.91334413357682e-40,1.0,0.0,29.050203323364258,0
109.04,1.9150088761524378e-40,1.0,0.0,29.048582077026367,0
109.14,1.9167240654727713e-40,1.0,0.0,29.04690170288086,0
109.24,1.9183888080483894e-40,1.0,0.0,29.04527473449707,0
109.34,1.920103997368723e-40,1.0,0.0,29.043588638305664,0
109.44,1.9217687399443406e-40,1.0,0.0,29.041940689086914,0
109.54,1.923483929264674e-40,1.0,0.0,29.040250778198242,0
109.64,1.9251486718402922e-40,1.0,0.0,29.038597106933594,0
109.74,1.9268638611606257e-40,1.0,0.0,29.036888122558594,0
109.84,1.9285286037362435e-40,1.0,0.0005873107584193349,29.035232543945312,0
109.94,1.9302437930565774e-40,1.0,0.0008932389318943024,29.03350257873535,0
110.05,1.931908535632195e-40,1.0,0.005037107039242983,29.031831741333008,0
110.15,1.9336237249525286e-40,1.0,0.021392425522208214,29.030107498168945,0
110.25,1.935338914272862e-40,0.9864499568939209,0.0565183088183403,29.02838134765625,0
110.35,1.93700365684848e-40,0.7351000308990479,0.145295649766922,29.026885986328125,0
110.45,1.938668399424098e-40,0.2979000210762024,0.2658039629459381,29.02582359313965,0
110.55,1.9403835887444314e-40,0.0,0.5221383571624756,29.02541732788086,0
110.65,1.9420987780647653e-40,0.0,0.8000738620758057,29.02541732788086,0
110.75,1.943763520640383e-40,0.0,0.8546446561813354,29.02541732788086,0
110.85,1.9454787099607165e-40,0.0,0.8543161749839783,29.02541732788086,0
110.95,1.9471434525363347e-40,0.0,0.8509266376495361,29.02541732788086,0
111.05,1.948858641856668e-40,0.0,0.8104379773139954,29.02541732788086,0
111.15,1.950523384432286e-40,0.0,0.7681090831756592,29.02541732788086,0
111.25,1.9522385737526194e-40,0.0,0.7190537452697754,29.02541732788086,0
111.35,1.9539033163282375e-40,0.0,0.675784170627594,29.02541732788086,0
111.45,1.955618505648571e-40,0.0,0.6277438998222351,29.02541732788086,0
111.55,1.9572832482241887e-40,0.0,0.5851748585700989,29.02541732788086,0
111.65,1.9589984375445226e-40,0.0,0.5746957063674927,29.02541732788086,0
111.75,1.9606631801201403e-40,0.0,0.5684611201286316,29.02541732788086,0
111.86,1.962378369440474e-40,0.0,0.5594401359558105,29.02541732788086,0
111.96,1.964043112016092e-40,0.0,0.5356274843215942,29.02541732788086,0
112.06,1.9657583013364254e-40,0.0,0.5173052549362183,29.02541732788086,0
112.16,1.967423043912043e-40,0.0,0.5009559392929077,29.02541732788086,0
112.26,1.9691382332323767e-40,0.0,0.47335007786750793,29.02541732788086,0
112.36,1.9708029758079948e-40,0.0,0.3788338303565979,29.02541732788086,0
112.46,1.9725181651283283e-40,0.0,0.0877988338470459,29.02541732788086,0
112.58,1.974536034916956e-40,0.11270001530647278,0.0,29.02509880065918,0
112.68,1.9762512242372895e-40,0.20610001683235168,0.0,29.024635314941406,0
112.78,1.9779159668129076e-40,0.40230000019073486,0.0,29.023996353149414,0
112.88,1.979631156133241e-40,0.6348000168800354,0.0,29.023008346557617,0
112.98,1.981295898708859e-40,0.7210000157356262,0.0,29.02189064025879,0
113.08,1.9830110880291924e-40,0.6886500120162964,0.0,29.02071189880371,0
113.18,1.9846758306048105e-40,0.44155001640319824,0.0,29.019664764404297,0
113.28,1.986391019925144e-40,0.1993499994277954,0.0,29.018966674804688,0
113.38,1.9880557625007617e-40,0.30809998512268066,0.0,29.01839828491211,0
113.48,1.9897709518210956e-40,0.42294999957084656,0.0,29.017549514770508,0
113.58,1.9914356943967133e-40,0.41600000858306885,0.0,29.016672134399414,0
113.69,1.993150883717047e-40,0.407150000333786,0.0,29.01578712463379,0
113.79,1.994815626292665e-40,0.41760000586509705,0.0,29.014917373657227,0
113.89,1.9965308156129984e-40,0.4086500108242035,0.0,29.01401710510254,0
113.99,1.998195558188616e-40,0.3062500059604645,0.0,29.013198852539062,0
114.09,1.9999107475089496e-40,0.0,0.0,29.01276397705078,0
114.19,2.0015754900845678e-40,0.0,0.0,29.01276397705078,0
114.29,2.0032906794049013e-40,0.0,0.0,29.01276397705078,0
114.39,2.004955421980519e-40,0.12255001068115234,0.0,29.01266860961914,0
114.49,2.006670611300853e-40,0.5081499814987183,0.0,29.0119686126709,0
114.59,2.0083858006211864e-40,0.6127499938011169,0.0,29.010900497436523,0
114.69,2.010050543196804e-40,0.6053999662399292,0.0,29.00984001159668,0
114.79,2.0117657325171376e-40,0.5928000211715698,0.0,29.008747100830078,0
114.89,2.0134304750927557e-40,0.5709500312805176,0.0,29.007699966430664,0
114.99,2.0151456644130892e-40,0.5594000220298767,0.0,29.006629943847656,0
115.09,2.016810406988707e-40,0.5593000054359436,0.0,29.00559425354004,0
115.19,2.018475149564325e-40,0.590399980545044,0.0,29.00454330444336,0
115.29,2.0201903388846586e-40,0.6474499702453613,0.0,29.0034122467041,0
115.39,2.021905528204992e-40,0.6629999876022339,0.0,29.002246856689453,0
115.5,2.02357027078061e-40,0.6688500046730042,0.0,29.0010986328125,0
115.6,2.0252854601009437e-40,0.6800500154495239,0.0,28.999900817871094,0
115.7,2.0269502026765614e-40,0.7267999649047852,0.0,28.99871253967285,0
115.8,2.028665391996895e-40,0.8039000034332275,0.0,28.997398376464844,0
115.9,2.030330134572513e-40,0.8898500204086304,0.0,28.996015548706055,0
116.0,2.0320453238928465e-40,1.0,0.0,28.99440574645996,0
116.1,2.0337100664684642e-40,1.0,0.0,28.992725372314453,0
116.2,2.035425255788798e-40,1.0,0.0,28.990978240966797,0
116.3,2.037089998364416e-40,0.9077999591827393,0.0,28.989604949951172,0
116.4,2.0388051876847493e-40,0.8496500253677368,0.0,28.988265991210938,0
116.5,2.0404699302603675e-40,0.8197499513626099,0.0,28.98689842224121,0
116.62,2.0422355663254167e-40,0.8309999704360962,0.0,28.985824584960938,0
116.72,2.044152542624613e-40,0.810949981212616,0.0,28.985090255737305,0
116.82,2.0458172852002307e-40,0.7500500082969666,0.0,28.984683990478516,0
116.92,2.0475324745205646e-40,0.739300012588501,0.0,28.98417854309082,0
117.02,2.0491972170961823e-40,0.7034499645233154,0.0,28.983308792114258,0
117.12,2.0509124064165158e-40,0.7102500200271606,0.0,28.98243522644043,0
117.22,2.052577148992134e-40,0.7939000129699707,0.0,28.98155403137207,0
117.32,2.0542923383124674e-40,1.0,0.0,28.98050880432129,0
117.42,2.055957080888085e-40,1.0,0.0,28.979366302490234,0
117.52,2.0576722702084186e-40,1.0,0.0,28.978185653686523,0
117.62,2.0593370127840367e-40,1.0,0.0,28.97703742980957,0
117.72,2.0610017553596545e-40,1.0,0.0,28.975875854492188,0
117.82,2.062716944679988e-40,1.0,0.0,28.974666595458984,0
117.92,2.064381687255606e-40,1.0,0.0,28.973478317260742,0
118.02,2.0660968765759396e-40,1.0,0.0,28.972238540649414,0
118.12,2.0677616191515573e-40,1.0,0.0,28.97102165222168,0
118.22,2.069476808471891e-40,1.0,0.0,28.96975326538086,0
118.32,2.071141551047509e-40,1.0,0.0,28.968509674072266,0
118.43,2.0728567403678424e-40,1.0,0.0,28.967212677001953,0
118.53,2.0745214829434605e-40,1.0,0.0,28.965940475463867,0
118.63,2.076236672263794e-40,1.0,0.0,28.964614868164062,0
118.73,2.0779014148394117e-40,1.0,0.0,28.963314056396484,0
118.83,2.0796166041597452e-40,1.0,0.0,28.961959838867188,0
118.93,2.0812813467353634e-40,1.0,0.0,28.960628509521484,0
119.03,2.082996536055697e-40,1.0,0.0,28.959245681762695,0
119.13,2.0846612786313146e-40,1.0,0.0,28.957889556884766,0
119.23,2.0863764679516485e-40,1.0,0.0,28.95647430419922,0
119.33,2.088041210527266e-40,1.0,0.0,28.955089569091797,0
119.43,2.0897563998475997e-40,1.0,0.0,28.95364761352539,0
119.53,2.091421142423218e-40,1.0,0.0,28.95223617553711,0
119.63,2.0931363317435513e-40,1.0,0.0,28.950767517089844,0
119.73,2.094801074319169e-40,1.0,0.0,28.94932746887207,0
119.83,2.0965162636395025e-40,1.0,0.0,28.94782829284668,0
119.93,2.0981810062151207e-40,1.0,0.0,28.946361541748047,0
120.03,2.099896195535454e-40,1.0,0.0,28.944839477539062,0
120.13,2.101560938111072e-40,1.0,0.0,28.943347930908203,0
120.23,2.1032761274314058e-40,1.0,0.0,28.94179344177246,0
120.34,2.1049408700070235e-40,1.0,0.0,28.940271377563477,0
120.44,2.106656059327357e-40,1.0,0.0,28.938695907592773,0
120.54,2.108320801902975e-40,1.0,0.0,28.937149047851562,0
120.64,2.1100359912233086e-40,1.0,0.0,28.935548782348633,0
120.74,2.1117007337989263e-40,1.0,0.0,28.933979034423828,0
120.84,2.11341592311926e-40,1.0,0.0,28.932342529296875,0
120.94,2.115080665694878e-40,1.0,0.0,28.930749893188477,0
121.04,2.1167958550152114e-40,1.0,0.0,28.929092407226562,0
121.14,2.118460597590829e-40,1.0,0.0,28.927473068237305,0
121.24,2.120175786911163e-40,1.0,0.0,28.92579460144043,0
121.34,2.1218405294867808e-40,1.0,0.0,28.924150466918945,0
121.44,2.1235557188071143e-40,1.0,0.0,28.922449111938477,0
121.54,2.1252204613827324e-40,0.8734999895095825,0.03849997743964195,28.920814514160156,0
121.64,2.126935650703066e-40,0.1652500033378601,0.22356919944286346,28.919708251953125,0
121.74,2.1286003932786836e-40,0.0,0.3499397039413452,28.91959571838379,0
121.84,2.130315582599017e-40,0.0,0.4768483638763428,28.91959571838379,0
121.94,2.1319803251746352e-40,0.0,0.6173681616783142,28.91959571838379,0
122.04,2.1336955144949687e-40,0.0,0.6359143853187561,28.91959571838379,0
122.14,2.1354107038153022e-40,0.0,0.5335456132888794,28.91959571838379,0
122.24,2.1370754463909204e-40,0.0,0.48743337392807007,28.91959571838379,0
122.35,2.138790635711254e-40,0.0,0.4507128596305847,28.91959571838379,0
122.45,2.1404553782868716e-40,0.0,0.4139350354671478,28.91959571838379,0
122.55,2.142170567607205e-40,0.0,0.3705090284347534,28.91959571838379,0
122.65,2.143835310182823e-40,0.0,0.3357377052307129,28.91959571838379,0
122.75,2.1455504995031567e-40,0.0,0.30896201729774475,28.91959571838379,0
122.85,2.1472152420787744e-40,0.0,0.2843387722969055,28.91959571838379,0
122.95,2.1489304313991083e-40,0.0,0.262107253074646,28.91959571838379,0
123.05,2.150595173974726e-40,0.0,0.23925355076789856,28.91959571838379,0
123.15,2.1523103632950595e-40,0.0,0.2041052281856537,28.91959571838379,0
123.25,2.1539751058706777e-40,0.0,0.1518053263425827,28.91959571838379,0
123.35,2.155690295191011e-40,0.0,0.0983053594827652,28.91959571838379,0
123.45,2.157355037766629e-40,0.0,0.03769722580909729,28.91959571838379,0
123.55,2.1590702270869624e-40,0.03095000982284546,0.00014428385475184768,28.919557571411133,0
123.65,2.1607349696625805e-40,0.09030002355575562,0.0,28.919326782226562,0
123.75,2.162450158982914e-40,0.1740500032901764,0.0,28.91887855529785,0
123.85,2.1641149015585317e-40,0.18889999389648438,0.0,28.918407440185547,0
123.95,2.1658300908788656e-40,0.1822500228881836,0.0,28.917919158935547,0
124.06,2.1674948334544833e-40,0.1579500138759613,0.0,28.917457580566406,0
124.16,2.169210022774817e-40,0.11380001902580261,0.0,28.917009353637695,0
124.26,2.1709252120951503e-40,0.06520000100135803,0.0,28.916627883911133,0
124.36,2.1725899546707684e-40,0.0,0.0,28.916473388671875,0
124.46,2.174254697246386e-40,0.0,0.0,28.916473388671875,0
124.56,2.1759698865667197e-40,0.0,0.0,28.916473388671875,0
124.66,2.1776346291423378e-40,0.0,0.0,28.916473388671875,0
124.76,2.1793498184626713e-40,0.0,0.0,28.916473388671875,0
124.86,2.181014561038289e-40,0.0,0.0,28.916473388671875,0
124.96,2.182729750358623e-40,0.0,0.0,28.916473388671875,0
125.06,2.1843944929342406e-40,0.0,0.0,28.916473388671875,0
125.16,2.186109682254574e-40,0.0,0.0,28.916473388671875,0
125.26,2.1878248715749076e-40,0.0,0.0,28.916473388671875,0
125.36,2.1894896141505257e-40,0.0,0.0,28.916473388671875,0
125.46,2.1912048034708592e-40,0.0,0.0,28.916473388671875,0
125.56,2.192869546046477e-40,0.26980000734329224,0.0,28.916250228881836,0
125.66,2.194584735366811e-40,0.596750020980835,0.0,28.915557861328125,0
125.77,2.1962494779424286e-40,0.635200023651123,0.0,28.914724349975586,0
125.87,2.197964667262762e-40,0.6168500185012817,0.0,28.913864135742188,0
125.97,2.1996798565830956e-40,0.5924000144004822,0.0,28.913005828857422,0
126.07,2.2013445991587137e-40,0.5849000215530396,0.0,28.912174224853516,0
126.17,2.203059788479047e-40,0.5933499932289124,0.0,28.911312103271484,0
126.27,2.204724531054665e-40,0.7506999969482422,0.0,28.910425186157227,0
126.37,2.206439720374999e-40,0.9231500029563904,0.0,28.909391403198242,0
126.47,2.2081044629506165e-40,1.0,0.0,28.908306121826172,0
126.57,2.20981965227095e-40,1.0,0.0,28.90721321105957,0
126.67,2.211484394846568e-40,1.0,0.0,28.906143188476562,0
126.77,2.2131995841669016e-40,1.0,0.0,28.90493392944336,0
126.87,2.2148643267425194e-40,1.0,0.0,28.90365982055664,0
126.97,2.216579516062853e-40,1.0,0.0,28.90232276916504,0
127.07,2.218244258638471e-40,1.0,0.0,28.900924682617188,0
127.17,2.2199090012140887e-40,1.0,0.0,28.899507522583008,0
127.27,2.221624190534422e-40,1.0,0.0,28.898025512695312,0
127.37,2.223339379854756e-40,1.0,0.0,28.896526336669922,0
127.47,2.225004122430374e-40,1.0,0.0,28.89504623413086,0
127.57,2.2267193117507073e-40,1.0,0.0,28.893489837646484,0
127.68,2.2283840543263254e-40,1.0,0.0,28.89195442199707,0
127.78,2.230099243646659e-40,1.0,0.0,28.890338897705078,0
127.88,2.2317639862222767e-40,1.0,0.0,28.88874053955078,0
127.98,2.23347917554261e-40,1.0,0.0,28.887067794799805,0
128.08,2.2351439181182283e-40,1.0,0.0,28.885412216186523,0
128.18,2.2368591074385618e-40,1.0,0.0,28.883689880371094,0
128.28,2.2385238500141795e-40,1.0,0.0,28.88198471069336,0
128.38,2.2401885925897976e-40,1.0,0.0,28.880817413330078,0
128.48,2.241903781910131e-40,1.0,0.0,28.879947662353516,0
128.58,2.243568524485749e-40,1.0,0.0,28.879091262817383,0
128.68,2.2452837138060827e-40,1.0,0.0,28.878475189208984,0
128.78,2.2469484563817005e-40,1.0,0.0,28.87727928161621,0
128.88,2.248663645702034e-40,1.0,0.0,28.876033782958984,0
128.98,2.250328388277652e-40,1.0,0.0,28.874813079833984,0
129.08,2.2520435775979856e-40,1.0,0.0,28.87353515625,0
129.18,2.2537083201736033e-40,1.0,0.0,28.872282028198242,0
129.28,2.2554235094939368e-40,1.0,0.0,28.8709774017334,0
129.38,2.257088252069555e-40,1.0,0.0,28.869693756103516,0
129.48,2.2588034413898884e-40,1.0,0.0,28.86835479736328,0
129.58,2.260468183965506e-40,1.0,0.0,28.867042541503906,0
129.68,2.26218337328584e-40,1.0,0.0,28.865678787231445,0
129.79,2.2638481158614578e-40,1.0,0.0,28.864336013793945,0
129.89,2.2655633051817912e-40,1.0,0.0,28.862939834594727,0
129.99,2.2672784945021247e-40,1.0,0.0,28.861526489257812,0
130.09,2.268943237077743e-40,1.0,0.0,28.86014175415039,0
130.19,2.2706584263980764e-40,1.0,0.0,28.85870361328125,0
130.29,2.272323168973694e-40,1.0,0.0,28.857288360595703,0
130.39,2.274038358294028e-40,1.0,0.0,28.855817794799805,0
130.49,2.2757031008696457e-40,1.0,0.0,28.854379653930664,0
130.59,2.2773678434452634e-40,1.0,0.0,28.85292625427246,0
130.69,2.2790830327655973e-40,1.0,0.0,28.851411819458008,0
130.79,2.280747775341215e-40,1.0,0.0,28.849933624267578,0
130.89,2.2824629646615485e-40,1.0,0.0,28.848392486572266,0
130.99,2.284178153981882e-40,1.0,0.0,28.846839904785156,0
131.09,2.2858428965575e-40,1.0,0.0,28.84531593322754,0
131.19,2.2875580858778337e-40,1.0,0.0,28.843738555908203,0
131.29,2.2892228284534514e-40,1.0,0.0,28.84218978881836,0
131.39,2.2909380177737853e-40,1.0,0.0,28.840576171875,0
131.49,2.292602760349403e-40,1.0,0.0,28.839008331298828,0
131.6,2.2943179496697365e-40,1.0,0.0,28.837371826171875,0
131.7,2.2959826922453546e-40,1.0,0.0,28.835771560668945,0
131.8,2.297697881565688e-40,1.0,0.0,28.834110260009766,0
131.9,2.299362624141306e-40,1.0,0.0,28.832487106323242,0
132.0,2.3010778134616393e-40,1.0,0.0,28.830799102783203,0
132.1,2.3027425560372575e-40,1.0,0.0,28.82915496826172,0
132.2,2.304457745357591e-40,1.0,0.0,28.827438354492188,0
132.3,2.3061224879332087e-40,1.0,0.0,28.8264102935791,0
132.4,2.3078376772535426e-40,0.776199996471405,0.030221175402402878,28.825658798217773,0
132.5,2.3095024198291603e-40,0.15650001168251038,0.17476066946983337,28.825275421142578,0
132.6,2.3112176091494938e-40,0.0,0.34045490622520447,28.825164794921875,0
132.7,2.3129327984698273e-40,0.0,0.41014334559440613,28.825164794921875,0
132.8,2.3145975410454454e-40,0.0,0.38265976309776306,28.825164794921875,0
132.9,2.316312730365779e-40,0.0,0.35248154401779175,28.825164794921875,0
133.0,2.3179774729413966e-40,0.0,0.4014923870563507,28.825164794921875,0
133.1,2.3196926622617305e-40,0.0,0.5185314416885376,28.825164794921875,0
133.2,2.3213574048373482e-40,0.0,0.620906412601471,28.825164794921875,0
133.31,2.3230725941576817e-40,0.0,0.6340729594230652,28.825164794921875,0
133.41,2.3247373367333e-40,0.0,0.5839465856552124,28.825164794921875,0
133.51,2.3264525260536334e-40,0.0,0.5371294617652893,28.825164794921875,0
133.61,2.328117268629251e-40,0.0,0.4694807529449463,28.825164794921875,0
133.71,2.3298324579495846e-40,0.0,0.40410467982292175,28.825164794921875,0
133.81,2.3315476472699185e-40,0.0,0.3538547158241272,28.825164794921875,0
133.91,2.333212389845536e-40,0.0,0.32169198989868164,28.825164794921875,0
134.01,2.3349275791658697e-40,0.0,0.3118731379508972,28.825164794921875,0
134.11,2.336592321741488e-40,0.0,0.30264946818351746,28.825164794921875,0
134.21,2.3383075110618213e-40,0.0,0.26774707436561584,28.825164794921875,0
134.31,2.339972253637439e-40,0.0,0.23862877488136292,28.825164794921875,0
134.41,2.3416874429577725e-40,0.0,0.23222889006137848,28.825164794921875,0
134.51,2.3433521855333907e-40,0.0,0.21154369413852692,28.825164794921875,0
134.61,2.345067374853724e-40,0.0,0.1869281381368637,28.825164794921875,0
134.71,2.3467825641740576e-40,0.0,0.040522437542676926,28.825164794921875,0
134.81,2.3484473067496758e-40,0.12000000476837158,0.0,28.825042724609375,0
134.92,2.3501120493252935e-40,0.2645000219345093,0.0,28.82474708557129,0
135.02,2.351827238645627e-40,0.41210001707077026,0.0,28.824308395385742,0
135.12,2.353491981221245e-40,0.4634999930858612,0.0,28.82379150390625,0
135.22,2.3552071705415786e-40,0.46369999647140503,0.0,28.823238372802734,0
135.32,2.3568719131171963e-40,0.4636000096797943,0.0,28.82269859313965,0
135.42,2.35858710243753e-40,0.4754500091075897,0.0,28.822132110595703,0
135.52,2.360251845013148e-40,0.5666999816894531,0.0,28.82155418395996,0
135.62,2.3619670343334814e-40,0.7465999722480774,0.0,28.82086944580078,0
135.72,2.363631776909099e-40,0.7812999486923218,0.0,28.820140838623047,0
135.82,2.365346966229433e-40,0.7839000225067139,0.0,28.81937026977539,0
135.92,2.3670117088050508e-40,0.7838000059127808,0.0,28.81861686706543,0
136.02,2.3687268981253843e-40,0.7903000116348267,0.0,28.81783103942871,0
136.12,2.3703916407010024e-40,0.7971999645233154,0.0,28.817054748535156,0
136.22,2.372106830021336e-40,0.7975000143051147,0.0,28.816247940063477,0
136.32,2.3737715725969536e-40,0.7993999719619751,0.0,28.815454483032227,0
136.42,2.375486761917287e-40,0.8094500303268433,0.0,28.814626693725586,0
136.52,2.3771515044929052e-40,0.840749979019165,0.0,28.81380271911621,0
136.62,2.3788666938132387e-40,1.0,0.0,28.81285858154297,0
136.72,2.3805314363888565e-40,1.0,0.0,28.81184959411621,0
136.82,2.3822466257091904e-40,1.0,0.0,28.810800552368164,0
136.93,2.383961815029524e-40,1.0,0.0,28.809738159179688,0
137.03,2.3856265576051416e-40,0.9750999808311462,0.00035908620338886976,28.808696746826172,0
137.13,2.387341746925475e-40,0.5662499666213989,0.027535757049918175,28.80780792236328,0
137.23,2.389006489501093e-40,0.14810001850128174,0.13451595604419708,28.80729103088379,0
137.33,2.3907216788214267e-40,0.0,0.3304295539855957,28.807178497314453,0
137.43,2.3923864213970444e-40,0.0,0.4143655300140381,28.807178497314453,0
137.53,2.3941016107173783e-40,0.0,0.4118577837944031,28.807178497314453,0
137.63,2.395766353292996e-40,0.0,0.3509159982204437,28.807178497314453,0
137.73,2.3974310958686138e-40,0.0,0.23712298274040222,28.807178497314453,0
137.83,2.3991462851889477e-40,0.022850006818771362,0.014336533844470978,28.807174682617188,0
137.93,2.400861474509281e-40,0.05865001678466797,0.0,28.80707359313965,0
138.03,2.402526217084899e-40,0.07774999737739563,0.0,28.806900024414062,0
138.13,2.404190959660517e-40,0.0707000195980072,0.0,28.80669403076172,0
138.23,2.4059061489808505e-40,0.06965002417564392,0.0,28.80646324157715,0
138.33,2.407621338301184e-40,0.08410000801086426,0.0,28.80618667602539,0
138.43,2.4092860808768017e-40,0.17000001668930054,0.0,28.80582618713379,0
138.53,2.4110012701971356e-40,0.36820000410079956,0.0,28.805322647094727,0
138.63,2.4126660127727533e-40,0.46970000863075256,0.0,28.804601669311523,0
138.74,2.414381202093087e-40,0.4273499846458435,0.0,28.803836822509766,0
138.84,2.416045944668705e-40,0.27459999918937683,0.0,28.803199768066406,0
138.94,2.4177611339890384e-40,0.023750007152557373,0.0,28.802839279174805,0
139.04,2.419425876564656e-40,0.0,0.0,28.802837371826172,0
139.14,2.4211410658849897e-40,0.0,0.0,28.802837371826172,0
139.24,2.4228562552053236e-40,0.0,0.0,28.802837371826172,0
139.34,2.4245209977809413e-40,0.0,0.0,28.802837371826172,0
139.44,2.4262361871012748e-40,0.0,0.0,28.802837371826172,0
139.54,2.427900929676893e-40,0.07480001449584961,0.0,28.802799224853516,0
139.64,2.4295656722525106e-40,0.40369999408721924,0.0,28.802364349365234,0
139.74,2.431280861572844e-40,0.4807499945163727,0.0,28.801647186279297,0
139.84,2.4329456041484622e-40,0.4929499924182892,0.0,28.800920486450195,0
139.94,2.4346607934687957e-40,0.5902000069618225,0.0,28.80013084411621,0
140.04,2.4363255360444135e-40,0.7164999842643738,0.0,28.799270629882812,0
140.14,2.438040725364747e-40,0.7206499576568604,0.0,28.798336029052734,0
140.24,2.439705467940365e-40,0.7214999794960022,0.0,28.797412872314453,0
140.34,2.4414206572606986e-40,0.7281500101089478,0.0,28.7965030670166,0
140.44,2.4430853998363163e-40,0.7522000074386597,0.0,28.79566192626953,0
140.54,2.44480058915665e-40,0.7957500219345093,0.0,28.794816970825195,0
140.64,2.446465331732268e-40,0.8613499999046326,0.0,28.79385757446289,0
140.75,2.4481805210526014e-40,0.9629999995231628,0.0,28.792694091796875,0
140.85,2.4498452636282195e-40,1.0,0.0,28.791397094726562,0
140.95,2.451560452948553e-40,1.0,0.0,28.7900333404541,0
141.05,2.4532251955241707e-40,1.0,0.0,28.7886905670166,0
141.15,2.4549403848445042e-40,1.0,0.0,28.787281036376953,0
141.25,2.4566051274201224e-40,1.0,0.0,28.785877227783203,0
141.35,2.458320316740456e-40,1.0,0.0,28.784400939941406,0
141.45,2.4599850593160736e-40,1.0,0.0,28.782936096191406,0
141.55,2.4617002486364075e-40,1.0,0.0,28.781396865844727,0
141.65,2.4633649912120252e-40,1.0,0.0,28.779878616333008,0
141.75,2.4650801805323587e-40,1.0,0.0,28.778282165527344,0
141.85,2.466744923107977e-40,1.0,0.0,28.77670669555664,0
141.95,2.4684601124283103e-40,1.0,0.0,28.775053024291992,0
142.05,2.470124855003928e-40,1.0,0.0,28.77340316772461,0
142.15,2.4718400443242615e-40,1.0,0.0,28.772375106811523,0
142.25,2.4735047868998797e-40,0.9680999517440796,0.0,28.771568298339844,0
142.35,2.475219976220213e-40,0.8715499639511108,0.0,28.771453857421875,0
142.45,2.476884718795831e-40,0.7994999885559082,0.0,28.770503997802734,0
142.55,2.4785999081161648e-40,0.5974500179290771,0.0,28.769607543945312,0
142.65,2.4802646506917825e-40,0.2908499836921692,0.0,28.76896095275879,0
142.76,2.481979840012116e-40,0.1651500165462494,0.0,28.768516540527344,0
142.86,2.483644582587734e-40,0.0,0.0,28.76827621459961,0
142.96,2.4853597719080676e-40,0.0,0.0,28.76827621459961,0
143.06,2.4870245144836853e-40,0.0,0.0,28.76827621459961,0
143.16,2.488739703804019e-40,0.0,0.0,28.76827621459961,0
143.26,2.4904548931243527e-40,0.0,0.0,28.76827621459961,0
143.36,2.4921196356999705e-40,0.02250000834465027,0.0,28.768274307250977,0
143.46,2.493784378275588e-40,0.04120001196861267,0.0,28.768171310424805,0
143.56,2.495499567595922e-40,0.06395000219345093,0.0,28.76799774169922,0
143.66,2.4972147569162556e-40,0.06505000591278076,0.0,28.76778793334961,0
143.76,2.4988794994918733e-40,0.07450002431869507,0.0,28.767576217651367,0
143.87,2.5006955823016383e-40,0.14535000920295715,0.0,28.76726722717285,0
143.97,2.502360324877256e-40,0.30365002155303955,0.0,28.766876220703125,0
144.07,2.50407551419759e-40,0.3460000157356262,0.0,28.766357421875,0
144.17,2.5057402567732077e-40,0.350600004196167,0.0,28.765846252441406,0
144.27,2.507455446093541e-40,0.36294999718666077,0.0,28.765304565429688,0
144.37,2.5091706354138747e-40,0.3606500029563904,0.0,28.76476287841797,0
144.47,2.5108353779894928e-40,0.35519999265670776,0.0,28.764238357543945,0
144.57,2.5125505673098263e-40,0.34735000133514404,0.0,28.763708114624023,0
144.67,2.514215309885444e-40,0.3489000201225281,0.0,28.763198852539062,0
144.77,2.515930499205778e-40,0.3826500177383423,0.0,28.76266098022461,0
144.87,2.5175952417813956e-40,0.5880500078201294,0.0,28.762035369873047,0
144.97,2.519310431101729e-40,0.7744500041007996,0.0,28.761241912841797,0
145.07,2.5209751736773473e-40,1.0,0.0,28.76030731201172,0
145.18,2.522639916252965e-40,1.0,0.0,28.759244918823242,0
145.28,2.5243551055732985e-40,1.0,0.0,28.75814437866211,0
145.38,2.5260198481489166e-40,1.0,0.0,28.757064819335938,0
145.48,2.52773503746925e-40,1.0,0.0,28.75607681274414,0
145.58,2.5294502267895836e-40,1.0,0.0,28.754955291748047,0
145.68,2.5311149693652013e-40,1.0,0.0,28.753868103027344,0
145.78,2.532830158685535e-40,1.0,0.0,28.75273895263672,0
145.88,2.534494901261153e-40,1.0,0.0,28.75164794921875,0
145.98,2.5362100905814864e-40,1.0,0.0,28.75052261352539,0
146.08,2.5378748331571045e-40,1.0,0.0,28.749414443969727,0
146.18,2.539590022477438e-40,1.0,0.0,28.748260498046875,0
146.28,2.5412547650530558e-40,1.0,0.0,28.747116088867188,0
146.38,2.5429699543733893e-40,1.0,0.0,28.745925903320312,0
146.48,2.5446346969490074e-40,1.0,0.0,28.74475860595703,0
146.58,2.546299439524625e-40,1.0,0.0,28.743581771850586,0
146.68,2.5480146288449586e-40,1.0,0.0,28.742361068725586,0
146.78,2.5497298181652925e-40,1.0,0.0,28.741121292114258,0
146.88,2.5513945607409102e-40,1.0,0.0,28.739906311035156,0
146.98,2.5531097500612437e-40,1.0,0.0,28.738637924194336,0
147.09,2.554774492636862e-40,1.0,0.0,28.73739242553711,0
147.19,2.5564896819571953e-40,1.0,0.0,28.736093521118164,0
147.29,2.558154424532813e-40,1.0,0.0,28.734821319580078,0
147.39,2.5597182736189996e-40,1.0,0.0,28.73361587524414,0
147.49,2.5615343564287647e-40,1.0,0.0,28.732196807861328,0
147.59,2.563249545749098e-40,1.0,0.0,28.730844497680664,0
147.69,2.564914288324716e-40,1.0,0.0,28.729515075683594,0
147.79,2.5666294776450498e-40,1.0,0.0,28.728132247924805,0
147.89,2.5682942202206675e-40,1.0,0.0,28.726776123046875,0
147.99,2.570009409541001e-40,1.0,0.0,28.725364685058594,0
148.09,2.571674152116619e-40,1.0,0.0,28.723979949951172,0
148.19,2.5733893414369526e-40,1.0,0.0,28.7225399017334,0
148.29,2.5750540840125703e-40,1.0,0.0,28.721128463745117,0
148.39,2.5767188265881885e-40,1.0,0.0,28.719701766967773,0
148.49,2.578434015908522e-40,1.0,0.0,28.71822166442871,0
148.59,2.5801492052288555e-40,1.0,0.0,28.716726303100586,0
148.69,2.581813947804473e-40,1.0,0.0,28.71525764465332,0
148.79,2.583529137124807e-40,1.0,0.0,28.71373748779297,0
148.89,2.585193879700425e-40,1.0,0.0,28.71224594116211,0
148.99,2.5869090690207583e-40,1.0,0.0,28.710695266723633,0
149.1,2.5885738115963764e-40,1.0,0.0,28.709177017211914,0
149.2,2.59028900091671e-40,1.0,0.0,28.707599639892578,0
149.3,2.5919537434923276e-40,1.0,0.0,28.706058502197266,0
149.4,2.5936184860679458e-40,1.0,0.0,28.704500198364258,0
149.5,2.5953336753882793e-40,1.0,0.0,28.70288848876953,0
149.6,2.596998417963897e-40,1.0,0.0,28.701305389404297,0
149.7,2.5987136072842305e-40,1.0,0.0,28.699661254882812,0
149.8,2.6004287966045644e-40,1.0,0.0,28.698013305664062,0
149.9,2.602093539180182e-40,1.0,0.0,28.696380615234375,0
150.0,2.6037582817558e-40,1.0,0.0,28.69474983215332,0
150.1,2.6054734710761337e-40,1.0,0.0,28.693063735961914,0
150.2,2.6071886603964672e-40,1.0,0.0,28.691362380981445,0
150.3,2.608853402972085e-40,1.0,0.0,28.689697265625,0
150.4,2.6105685922924184e-40,1.0,0.0,28.687969207763672,0
150.5,2.6122333348680366e-40,1.0,0.0,28.686288833618164,0
150.6,2.61394852418837e-40,1.0,0.0,28.684545516967773,0
150.7,2.6156132667639878e-40,1.0,0.0,28.682838439941406,0
150.8,2.6173284560843217e-40,1.0,0.0,28.68106460571289,0
150.9,2.6189931986599394e-40,1.0,0.0,28.67934226989746,0
151.0,2.620708387980273e-40,1.0,0.0,28.67755889892578,0
151.1,2.622373130555891e-40,1.0,0.0,28.675813674926758,0
151.21,2.6240883198762245e-40,1.0,0.0,28.674102783203125,0
151.31,2.6257530624518422e-40,1.0,0.0,28.673505783081055,0
151.41,2.6274178050274604e-40,1.0,0.0,28.6728515625,0
151.51,2.629132994347794e-40,1.0,0.0,28.67182159423828,0
151.61,2.6308481836681273e-40,1.0,0.0,28.67041015625,0
151.71,2.632512926243745e-40,1.0,0.0,28.66902732849121,0
151.81,2.634228115564079e-40,1.0,0.0,28.66759490966797,0
151.91,2.6358928581396967e-40,1.0,0.0,28.66619873046875,0
152.01,2.63760804746003e-40,1.0,0.0,28.664749145507812,0
152.11,2.6392727900356483e-40,1.0,0.0,28.663339614868164,0
152.21,2.640987979355982e-40,1.0,0.0,28.661882400512695,0
152.31,2.6426527219315995e-40,1.0,0.0,28.660451889038086,0
152.41,2.644367911251933e-40,1.0,0.0,28.658977508544922,0
152.51,2.646032653827551e-40,1.0,0.0,28.65753936767578,0
152.61,2.647697396403169e-40,1.0,0.0,28.65610122680664,0
152.71,2.6494125857235024e-40,1.0,0.0,28.654598236083984,0
152.81,2.6511277750438363e-40,1.0,0.0,28.653091430664062,0
152.91,2.652792517619454e-40,1.0,0.0,28.65163230895996,0
153.01,2.6545077069397875e-40,1.0,0.0,28.650117874145508,0
153.12,2.6561724495154056e-40,1.0,0.0,28.648635864257812,0
153.22,2.657887638835739e-40,1.0,0.0,28.647106170654297,0
153.32,2.659552381411357e-40,1.0,0.0,28.645614624023438,0
153.42,2.6612675707316903e-40,1.0,0.0,28.644075393676758,0
153.52,2.6629323133073084e-40,1.0,0.0,28.6425724029541,0
153.62,2.664647502627642e-40,1.0,0.0,28.641016006469727,0
153.72,2.6663122452032597e-40,1.0,0.0,28.639503479003906,0
153.82,2.6680274345235936e-40,1.0,0.0,28.637929916381836,0
153.92,2.6696921770992113e-40,1.0,0.0,28.63640594482422,0
154.02,2.6714073664195448e-40,1.0,0.0,28.63482666015625,0
154.12,2.673072108995163e-40,1.0,0.0,28.63327407836914,0
154.22,2.6747872983154964e-40,1.0,0.0,28.631683349609375,0
154.32,2.676452040891114e-40,1.0,0.0,28.6301326751709,0
154.42,2.6781672302114476e-40,1.0,0.0,28.628524780273438,0
154.52,2.6798319727870657e-40,1.0,0.0,28.626964569091797,0
154.62,2.6815471621073992e-40,1.0,0.0,28.62534523010254,0
154.72,2.683211904683017e-40,1.0,0.0,28.62375831604004,0
154.82,2.684876647258635e-40,1.0,0.0,28.62217903137207,0
154.92,2.6865918365789686e-40,1.0,0.0,28.620546340942383,0
155.02,2.6882565791545863e-40,1.0,0.0,28.61894989013672,0
155.12,2.68997176847492e-40,1.0,0.0,28.61730194091797,0
155.23,2.691636511050538e-40,1.0,0.0,28.615697860717773,0
155.33,2.6933517003708714e-40,1.0,0.0,28.614038467407227,0
155.43,2.695066889691205e-40,1.0,0.0,28.61237335205078,0
155.53,2.696731632266823e-40,1.0,0.0,28.61075210571289,0
155.63,2.6984468215871565e-40,1.0,0.0,28.60907745361328,0
155.73,2.7001115641627742e-40,1.0,0.0,28.60744285583496,0
155.83,2.701826753483108e-40,1.0,0.0,28.605758666992188,0
155.93,2.703491496058726e-40,1.0,0.0,28.604114532470703,0
156.03,2.7052066853790594e-40,1.0,0.0,28.602418899536133,0
156.13,2.7068714279546775e-40,1.0,0.0,28.600765228271484,0
156.23,2.708536170530295e-40,1.0,0.0,28.599105834960938,0
156.33,2.7102513598506287e-40,1.0,0.0,28.597396850585938,0
156.43,2.711966549170962e-40,1.0,0.0,28.595674514770508,0
156.53,2.7136312917465803e-40,1.0,0.0,28.594005584716797,0
156.63,2.715346481066914e-40,1.0,0.0,28.5922794342041,0
156.73,2.7170112236425315e-40,1.0,0.0,28.59060287475586,0
156.83,2.7187264129628654e-40,1.0,0.0,28.588857650756836,0
156.93,2.720391155538483e-40,1.0,0.0,28.587158203125,0
157.03,2.7221063448588166e-40,1.0,0.0,28.585418701171875,0
157.13,2.7237710874344348e-40,1.0,0.0,28.583724975585938,0
157.24,2.7254358300100525e-40,1.0,0.0,28.582014083862305,0
157.34,2.727151019330386e-40,1.0,0.0,28.580257415771484,0
157.44,2.728815761906004e-40,1.0,0.0,28.57854652404785,0
157.54,2.7305309512263376e-40,1.0,0.0,28.576780319213867,0
157.64,2.7321956938019553e-40,1.0,0.0,28.575061798095703,0
157.74,2.733910883122289e-40,1.0,0.0,28.573291778564453,0
157.84,2.7356260724426227e-40,1.0,0.0,28.571508407592773,0
157.94,2.7372908150182404e-40,1.0,0.0,28.56976890563965,0
158.04,2.739006004338574e-40,1.0,0.0,28.567981719970703,0
158.14,2.740670746914192e-40,1.0,0.0,28.566247940063477,0
158.24,2.7420832557662313e-40,1.0,0.0,28.565073013305664,0
158.34,2.7440506788101433e-40,1.0,0.0,28.56425666809082,0
158.44,2.7457658681304768e-40,1.0,0.0,28.563440322875977,0
158.54,2.7474810574508107e-40,1.0,0.0,28.562280654907227,0
158.65,2.7491458000264284e-40,1.0,0.0,28.560871124267578,0
158.75,2.750860989346762e-40,1.0,0.0,28.55941390991211,0
158.85,2.7525761786670954e-40,1.0,0.0,28.55794906616211,0
158.95,2.7542409212427135e-40,1.0,0.0,28.556528091430664,0
159.05,2.7559056638183312e-40,1.0,0.0,28.55510711669922,0
159.15,2.7576208531386647e-40,1.0,0.0,28.553638458251953,0
159.25,2.759285595714283e-40,1.0,0.0,28.552204132080078,0
159.35,2.7610007850346164e-40,1.0,0.0,28.550722122192383,0
159.45,2.76271597435495e-40,1.0,0.0,28.54924964904785,0
159.55,2.764380716930568e-40,1.0,0.0,28.547807693481445,0
159.65,2.7660959062509015e-40,1.0,0.0,28.54631805419922,0
159.75,2.767760648826519e-40,1.0,0.0,28.544878005981445,0
159.85,2.7694758381468527e-40,1.0,0.0,28.543384552001953,0
159.95,2.7711910274671866e-40,1.0,0.0,28.541893005371094,0
160.05,2.7728557700428043e-40,1.0,0.0,28.540430068969727,0
160.15,2.774570959363138e-40,1.0,0.0,28.538925170898438,0
160.26,2.776235701938756e-40,1.0,0.0,28.537471771240234,0
160.36,2.7779508912590894e-40,1.0,0.0,28.535959243774414,0
160.46,2.779615633834707e-40,1.0,0.0,28.534503936767578,0
160.56,2.7813308231550406e-40,1.0,0.0,28.53299331665039,0
160.66,2.7829955657306588e-40,1.0,0.0,28.53150749206543,0
160.76,2.7847107550509923e-40,1.0,0.0,28.529998779296875,0
160.86,2.78637549762661e-40,1.0,0.0,28.528512954711914,0
160.96,2.788090686946944e-40,1.0,0.0,28.526987075805664,0
161.06,2.7897554295225616e-40,1.0,0.0,28.5255126953125,0
161.16,2.791470618842895e-40,1.0,0.0,28.52397346496582,0
161.26,2.7931353614185132e-40,1.0,0.0,28.52249526977539,0
161.36,2.7948505507388467e-40,1.0,0.0,28.520965576171875,0
161.46,2.7965152933144644e-40,1.0,0.0,28.519474029541016,0
161.56,2.798230482634798e-40,1.0,0.0,28.517927169799805,0
161.66,2.799895225210416e-40,1.0,0.0,28.516435623168945,0
161.76,2.8016104145307496e-40,1.0,0.0,28.514896392822266,0
161.86,2.8032751571063673e-40,1.0,0.0,28.513404846191406,0
161.96,2.804990346426701e-40,1.0,0.0,28.51185417175293,0
162.07,2.806655089002319e-40,1.0,0.0,28.510345458984375,0
162.17,2.8083702783226524e-40,1.0,0.0,28.508800506591797,0
162.27,2.8100350208982705e-40,1.0,0.0,28.507287979125977,0
162.37,2.811750210218604e-40,1.0,0.0,28.50571060180664,0
162.47,2.8134653995389375e-40,1.0,0.0,28.50415802001953,0
162.57,2.8151301421145552e-40,1.0,0.0,28.50264549255371,0
162.67,2.816845331434889e-40,1.0,0.0,28.501083374023438,0
162.77,2.818510074010507e-40,1.0,0.0,28.499557495117188,0
162.87,2.8202252633308403e-40,1.0,0.0,28.49799346923828,0
162.97,2.8218900059064585e-40,1.0,0.0,28.496463775634766,0
163.07,2.823605195226792e-40,0.8471499681472778,0.002973394002765417,28.49492645263672,0
163.17,2.8252699378024097e-40,0.2172500193119049,0.1660418063402176,28.493919372558594,0
163.27,2.826985127122743e-40,0.0,0.6064655184745789,28.4937686920166,0
163.37,2.8286498696983613e-40,0.0,0.8024992942810059,28.4937686920166,0
163.47,2.830365059018695e-40,0.0,0.8531125783920288,28.4937686920166,0
163.57,2.8320298015943125e-40,0.0,0.8798223733901978,28.4937686920166,0
163.67,2.8337449909146464e-40,0.0,0.913374662399292,28.4937686920166,0
163.78,2.835409733490264e-40,0.0,0.9171352386474609,28.4937686920166,0
163.88,2.8371249228105976e-40,0.0,0.9041821360588074,28.4937686920166,0
163.98,2.8387896653862158e-40,0.0,0.8716039061546326,28.4937686920166,0
164.08,2.8405048547065493e-40,0.0,0.811393678188324,28.4937686920166,0
164.18,2.842169597282167e-40,0.0,0.7454666495323181,28.4937686920166,0
164.28,2.8438847866025005e-40,0.0,0.6852751970291138,28.4937686920166,0
164.38,2.8455495291781186e-40,0.0,0.6285673379898071,28.4937686920166,0
164.48,2.847264718498452e-40,0.0,0.533462405204773,28.4937686920166,0
164.58,2.84892946107407e-40,0.0,0.5174686312675476,28.4937686920166,0
164.68,2.8506446503944037e-40,0.0,0.512010931968689,28.4937686920166,0
164.78,2.8523093929700214e-40,0.0,0.48877593874931335,28.4937686920166,0
164.88,2.854024582290355e-40,0.0,0.4557042717933655,28.4937686920166,0
164.98,2.855790218355404e-40,0.0,0.42063766717910767,28.4937686920166,0
165.09,2.8574549609310223e-40,0.0,0.3939935564994812,28.4937686920166,0
165.19,2.859170150251356e-40,0.0,0.3493545949459076,28.4937686920166,0
165.29,2.8608348928269735e-40,0.0,0.2873443365097046,28.4937686920166,0
165.39,2.862550082147307e-40,0.0,0.1657472550868988,28.4937686920166,0
165.49,2.864214824722925e-40,0.0,0.009472060948610306,28.4937686920166,0
165.59,2.8659300140432587e-40,0.061850011348724365,0.0,28.493701934814453,0
165.69,2.8675947566188764e-40,0.1438000202178955,0.0,28.493379592895508,0
165.79,2.8693099459392103e-40,0.17955002188682556,0.0,28.492984771728516,0
165.89,2.870974688514828e-40,0.2395000159740448,0.0,28.492572784423828,0
165.99,2.8726898778351615e-40,0.3220999836921692,0.0,28.492050170898438,0
166.09,2.874405067155495e-40,0.3364500105381012,0.0,28.491474151611328,0
166.19,2.876069809731113e-40,0.3359000086784363,0.0,28.490907669067383,0
166.29,2.8777849990514466e-40,0.33980000019073486,0.0,28.490320205688477,0
166.39,2.8794497416270643e-40,0.3510500192642212,0.0,28.489742279052734,0
166.49,2.8811649309473982e-40,0.4074999988079071,0.0,28.489112854003906,0
166.59,2.882829673523016e-40,0.5247499942779541,0.0,28.48838996887207,0
166.7,2.8845448628433494e-40,0.5846499800682068,0.0,28.48755645751953,0
166.8,2.8862096054189676e-40,0.5947499871253967,0.0,28.48672866821289,0
166.9,2.887924794739301e-40,0.6071500182151794,0.0,28.485864639282227,0
167.0,2.8895895373149188e-40,0.6447499990463257,0.0,28.485013961791992,0
167.1,2.8913047266352523e-40,0.7749500274658203,0.0,28.484067916870117,0
167.2,2.8929694692108704e-40,0.8470499515533447,0.0,28.483049392700195,0
167.3,2.894684658531204e-40,0.9282499551773071,0.0,28.481935501098633,0
167.4,2.8963494011068216e-40,1.0,0.0,28.480710983276367,0
167.5,2.8980645904271555e-40,1.0,0.0,28.47941780090332,0
167.6,2.8997293330027732e-40,1.0,0.0,28.47815704345703,0
167.7,2.9014445223231067e-40,1.0,0.0,28.476850509643555,0
167.8,2.903109264898725e-40,1.0,0.0,28.475566864013672,0
167.9,2.9048244542190584e-40,1.0,0.0,28.47422981262207,0
168.0,2.906489196794676e-40,1.0,0.0,28.472923278808594,0
168.1,2.9082043861150096e-40,1.0,0.0,28.4715633392334,0
168.2,2.9098691286906277e-40,1.0,0.0,28.47022819519043,0
168.3,2.911584318010961e-40,1.0,0.0,28.468843460083008,0
168.4,2.913249060586579e-40,1.0,0.0,28.467483520507812,0
168.5,2.914964249906913e-40,1.0,0.0,28.466068267822266,0
168.6,2.9166289924825305e-40,1.0,0.0,28.464677810668945,0
168.71,2.918344181802864e-40,0.9398000240325928,0.0,28.463254928588867,0
168.81,2.920008924378482e-40,0.906499981880188,0.0,28.46196174621582,0
168.91,2.9217241136988157e-40,0.8873000144958496,0.0,28.46064567565918,0
169.01,2.9233888562744334e-40,0.87909996509552,0.0,28.459375381469727,0
169.11,2.925104045594767e-40,0.8123500347137451,0.0,28.458093643188477,0
169.21,2.926768788170385e-40,0.7106499671936035,0.0,28.456947326660156,0
169.31,2.9284839774907185e-40,0.630050003528595,0.0,28.455846786499023,0
169.41,2.930199166811052e-40,0.44874998927116394,0.0,28.454830169677734,0
169.51,2.93186390938667e-40,0.18404999375343323,0.0,28.454153060913086,0
169.61,2.9335790987070036e-40,0.06554999947547913,0.0,28.4537410736084,0
169.71,2.9352438412826213e-40,0.02605000138282776,0.0,28.453536987304688,0
169.81,2.936959030602955e-40,0.0,0.0,28.45352554321289,0
169.91,2.938623773178573e-40,0.0,0.0,28.45352554321289,0
170.01,2.9403389624989064e-40,0.0,0.0,28.45352554321289,0
170.11,2.942003705074524e-40,0.0,0.0,28.45352554321289,0
170.21,2.9436684476501423e-40,0.0,0.0,28.45352554321289,0
170.31,2.9453836369704758e-40,0.27060002088546753,0.0,28.4532470703125,0
170.41,2.9470483795460935e-40,0.6316499710083008,0.0,28.45244598388672,0
170.51,2.9487635688664274e-40,0.7935999631881714,0.0,28.451370239257812,0
170.62,2.950478758186761e-40,0.9055500030517578,0.0,28.450162887573242,0
170.72,2.9521435007623786e-40,1.0,0.0,28.44881820678711,0
170.82,2.9538082433379967e-40,1.0,0.0,28.447425842285156,0
170.93,2.955674772892477e-40,1.0,0.0,28.44585609436035,0
171.03,2.9573395154680953e-40,1.0,0.0,28.44445037841797,0
171.13,2.9590547047884288e-40,1.0,0.0,28.442995071411133,0
171.23,2.9607194473640465e-40,1.0,0.0,28.441574096679688,0
171.33,2.96243463668438e-40,1.0,0.0,28.440101623535156,0
171.43,2.964099379259998e-40,1.0,0.0,28.438663482666016,0
171.53,2.9658145685803316e-40,1.0,0.0,28.437170028686523,0
171.63,2.9674793111559493e-40,1.0,0.0,28.435707092285156,0
171.73,2.9691945004762832e-40,1.0,0.0,28.43418312072754,0
171.83,2.970859243051901e-40,1.0,0.0,28.432693481445312,0
171.93,2.9725744323722345e-40,1.0,0.0,28.43113899230957,0
172.03,2.9742391749478526e-40,1.0,0.0,28.429622650146484,0
172.13,2.975954364268186e-40,1.0,0.0,28.428041458129883,0
172.23,2.9776191068438038e-40,1.0,0.0,28.42650032043457,0
172.33,2.9793342961641373e-40,1.0,0.0,28.424898147583008,0
172.43,2.9809990387397554e-40,1.0,0.0,28.42332649230957,0
172.53,2.982714228060089e-40,1.0,0.0,28.421701431274414,0
172.63,2.9843789706357066e-40,1.0,0.0,28.42011070251465,0
172.73,2.9860941599560405e-40,1.0,0.0,28.41845703125,0
172.83,2.9877589025316583e-40,1.0,0.0,28.41684341430664,0
172.94,2.9894740918519917e-40,0.9402499794960022,0.0,28.415176391601562,0
173.04,2.99113883442761e-40,0.40960001945495605,0.0,28.413936614990234,0
173.14,2.992904470492659e-40,0.02255001664161682,0.0,28.413429260253906,0
173.24,2.994569213068277e-40,0.0,0.02731485664844513,28.41342544555664,0
173.34,2.9962844023886104e-40,0.0,0.1433558166027069,28.41342544555664,0
173.44,2.9979491449642285e-40,0.0,0.17011238634586334,28.41342544555664,0
173.54,2.999664334284562e-40,0.0,0.20382040739059448,28.41342544555664,0
173.64,3.0013290768601797e-40,0.0,0.221322163939476,28.41342544555664,0
173.74,3.003044266180513e-40,0.0,0.2248232364654541,28.41342544555664,0
173.84,3.0047090087561313e-40,0.0,0.22371943295001984,28.41342544555664,0
173.94,3.006424198076465e-40,0.0,0.22376954555511475,28.41342544555664,0
174.04,3.0080889406520825e-40,0.0,0.22412045300006866,28.41342544555664,0
174.14,3.0098041299724164e-40,0.0,0.22397005558013916,28.41342544555664,0
174.24,3.011468872548034e-40,0.0,0.2236192375421524,28.41342544555664,0
174.35,3.0131840618683677e-40,0.0,0.2236192375421524,28.41342544555664,0
174.45,3.0148488044439858e-40,0.0,0.18530809879302979,28.41342544555664,0
174.55,3.0165639937643193e-40,0.0,0.11961213499307632,28.41342544555664,0
174.65,3.018228736339937e-40,0.0,0.04563668742775917,28.41342544555664,0
174.75,3.0199439256602705e-40,0.0,0.00175584782846272,28.41342544555664,0
174.85,3.0216086682358886e-40,0.0,0.0,28.41342544555664,0
174.95,3.023323857556222e-40,0.0,0.0,28.41342544555664,0
175.05,3.02498860013184e-40,0.0,0.0,28.41342544555664,0
175.15,3.0267037894521737e-40,0.0,0.0,28.41342544555664,0
175.25,3.0283685320277915e-40,0.0,0.0,28.41342544555664,0
175.35,3.030083721348125e-40,0.0,0.0,28.41342544555664,0
175.45,3.031748463923743e-40,0.0,0.0,28.41342544555664,0
175.55,3.0334636532440766e-40,0.0,0.0,28.41342544555664,0
175.65,3.0351283958196943e-40,0.0,0.0,28.41342544555664,0
175.75,3.0368435851400278e-40,0.0,0.0,28.41342544555664,0
175.85,3.0385587744603617e-40,0.0,0.0,28.41342544555664,0
175.95,3.0402235170359794e-40,0.07860001921653748,0.0,28.413387298583984,0
176.05,3.041938706356313e-40,0.4896000027656555,0.0,28.412927627563477,0
176.16,3.043603448931931e-40,0.7870999574661255,0.0,28.412132263183594,0
176.26,3.0453186382522645e-40,0.901199996471405,0.0,28.41117286682129,0
176.36,3.0469833808278822e-40,1.0,0.0,28.410125732421875,0
176.46,3.0486985701482157e-40,1.0,0.0,28.40898323059082,0
176.56,3.050363312723834e-40,1.0,0.0,28.407865524291992,0
176.66,3.0520785020441674e-40,1.0,0.0,28.406700134277344,0
176.76,3.053743244619785e-40,1.0,0.0,28.405563354492188,0
176.86,3.055458433940119e-40,1.0,0.0,28.404382705688477,0
176.96,3.0571231765157367e-40,1.0,0.0,28.40322494506836,0
177.06,3.05883836583607e-40,1.0,0.0,28.40202522277832,0
177.16,3.0605031084116883e-40,1.0,0.0,28.400854110717773,0
177.26,3.062218297732022e-40,1.0,0.0,28.39964485168457,0
177.36,3.0638830403076395e-40,1.0,0.0,28.398468017578125,0
177.46,3.065598229627973e-40,1.0,0.0,28.397253036499023,0
177.57,3.067464759182454e-40,1.0,0.0,28.39591407775879,0
177.67,3.0691295017580716e-40,1.0,0.0,28.394704818725586,0
177.77,3.0708446910784055e-40,1.0,0.0,28.393442153930664,0
177.87,3.072509433654023e-40,1.0,0.0,28.392202377319336,0
177.98,3.0742246229743567e-40,1.0,0.0,28.39090919494629,0
178.08,3.075889365549975e-40,1.0,0.0,28.38964080810547,0
178.18,3.0776045548703083e-40,1.0,0.0,28.38831901550293,0
178.28,3.079269297445926e-40,1.0,0.0,28.387014389038086,0
178.38,3.0809844867662595e-40,0.8974499702453613,0.00025844015181064606,28.385698318481445,0
178.48,3.0826996760865934e-40,0.5860999822616577,0.003636663081124425,28.384599685668945,0
178.58,3.084364418662211e-40,0.0,0.008721830323338509,28.384002685546875,0
178.68,3.0860796079825446e-40,0.0,0.008865944109857082,28.384002685546875,0
178.78,3.0877443505581628e-40,0.0,0.008210019208490849,28.384002685546875,0
178.88,3.0894595398784963e-40,0.0,0.0,28.384002685546875,0
178.98,3.091124282454114e-40,0.0,0.0,28.384002685546875,0
179.08,3.0928394717744475e-40,0.0,0.0,28.384002685546875,0
179.18,3.0945042143500656e-40,0.0,0.0,28.384002685546875,0
179.28,3.096219403670399e-40,0.0,0.0,28.384002685546875,0
179.38,3.097884146246017e-40,0.0,0.0,28.384002685546875,0
179.48,3.099548888821635e-40,0.0,0.0,28.384002685546875,0
179.58,3.1012640781419684e-40,0.0,0.0,28.384002685546875,0
179.68,3.102928820717586e-40,0.0,0.0,28.384002685546875,0
179.78,3.10464401003792e-40,0.0,0.0,28.384002685546875,0
179.88,3.1063087526135378e-40,0.0,0.0,28.384002685546875,0
179.99,3.1080239419338713e-40,0.02459999918937683,0.0,28.384000778198242,0
180.09,3.1096886845094894e-40,0.3669999837875366,0.0,28.38362693786621,0
180.19,3.111403873829823e-40,0.45045000314712524,0.0,28.382946014404297,0
180.29,3.1131190631501564e-40,0.4404999911785126,0.0,28.382244110107422,0
180.39,3.114783805725774e-40,0.3962000012397766,0.0,28.381595611572266,0
180.49,3.1164485483013922e-40,0.3529999852180481,0.0,28.381000518798828,0
180.59,3.1181637376217257e-40,0.2926499843597412,0.0,28.38045310974121,0
180.69,3.1198284801973434e-40,0.24900001287460327,0.0,28.37998390197754,0
180.79,3.1215436695176774e-40,0.2326500117778778,0.0,28.379539489746094,0
180.89,3.123208412093295e-40,0.2334499955177307,0.0,28.37911605834961,0
180.99,3.1249236014136286e-40,0.2587500214576721,0.0,28.378673553466797,0
181.09,3.1265883439892467e-40,0.3739500045776367,0.0,28.378171920776367,0
181.19,3.12830353330958e-40,0.48335000872612,0.0,28.377506256103516,0
181.29,3.129968275885198e-40,0.5326499938964844,0.0,28.37678337097168,0
181.39,3.1316834652055314e-40,0.5487499833106995,0.0,28.37601661682129,0
181.49,3.1333482077811495e-40,0.5424000024795532,0.0,28.375268936157227,0
181.59,3.135063397101483e-40,0.4897499978542328,0.0,28.374513626098633,0
181.69,3.1367281396771007e-40,0.23280000686645508,0.0,28.37392234802246,0
181.79,3.1384433289974346e-40,0.0,0.030580855906009674,28.373706817626953,0
181.89,3.1401080715730524e-40,0.0,0.13255088031291962,28.373706817626953,0
182.0,3.1417223674039547e-40,0.0,0.1758035570383072,28.373706817626953,0
182.1,3.143488003469004e-40,0.0,0.10875283926725388,28.373706817626953,0
182.2,3.1452031927893375e-40,0.0,0.08955086022615433,28.373706817626953,0
182.3,3.146867935364955e-40,0.0,0.03898637741804123,28.373706817626953,0
182.4,3.1485831246852887e-40,0.0,0.0,28.373706817626953,0
182.5,3.150247867260907e-40,0.0,0.0,28.373706817626953,0
182.6,3.1519630565812403e-40,0.0,0.0,28.373706817626953,0
182.7,3.153627799156858e-40,0.0,0.0,28.373706817626953,0
182.8,3.155342988477192e-40,0.0,0.0,28.373706817626953,0
182.9,3.1570581777975254e-40,0.0,0.0,28.373706817626953,0
183.0,3.158722920373143e-40,0.0,0.0,28.373706817626953,0
183.1,3.1604381096934766e-40,0.0,0.0,28.373706817626953,0
183.2,3.1621028522690948e-40,0.0,0.0,28.373706817626953,0
183.3,3.1638180415894283e-40,0.1226000189781189,0.0,28.37353515625,0
183.4,3.165482784165046e-40,0.35109999775886536,0.0,28.373050689697266,0
183.5,3.16719797348538e-40,0.4724000096321106,0.0,28.37230110168457,0
183.6,3.1688627160609976e-40,0.4961000084877014,0.0,28.37153434753418,0
183.71,3.170577905381331e-40,0.542900025844574,0.0,28.370712280273438,0
183.81,3.1722426479569492e-40,0.6023499965667725,0.0,28.370027542114258,0
183.91,3.1739578372772827e-40,0.7208999991416931,0.0,28.369171142578125,0
184.01,3.1756225798529004e-40,0.763949990272522,0.0,28.368432998657227,0
184.11,3.177337769173234e-40,0.8267499804496765,0.0,28.36769676208496,0
184.21,3.179002511748852e-40,0.854449987411499,0.0,28.36672019958496,0
184.31,3.1807177010691856e-40,0.9050499796867371,0.0,28.36551284790039,0
184.41,3.182432890389519e-40,1.0,0.0,28.36419677734375,0
184.51,3.184097632965137e-40,1.0,0.0,28.362836837768555,0
184.61,3.1858128222854707e-40,1.0,0.0,28.361413955688477,0
184.71,3.1874775648610884e-40,1.0,0.0,28.36000633239746,0
184.81,3.189192754181422e-40,1.0,0.0,28.35852813720703,0
184.91,3.19085749675704e-40,1.0,0.0,28.357065200805664,0
185.01,3.1925726860773735e-40,1.0,0.0,28.355525970458984,0
185.11,3.194186981908276e-40,0.982200026512146,0.0,28.354045867919922,0
185.21,3.195952617973325e-40,0.9781999588012695,0.0,28.352441787719727,0
185.31,3.197617360548943e-40,0.9611999988555908,0.0,28.350887298583984,0
185.41,3.1993325498692764e-40,0.8599499464035034,0.0,28.349365234375,0
185.52,3.2009972924448945e-40,0.8164499998092651,0.0,28.34798812866211,0
185.62,3.202712481765228e-40,0.8405500054359436,0.0,28.346561431884766,0
185.72,3.2043772243408457e-40,0.8516499996185303,0.0,28.34513282775879,0
185.82,3.206092413661179e-40,0.854949951171875,0.0,28.343639373779297,0
185.92,3.2077571562367973e-40,0.8555999994277954,0.0,28.342174530029297,0
186.02,3.209472345557131e-40,0.8808000087738037,0.0,28.34063720703125,0
186.12,3.2111370881327485e-40,0.9286999702453613,0.0,28.339088439941406,0
186.22,3.2128522774530824e-40,1.0,0.0,28.33733558654785,0
186.32,3.2145170200287e-40,1.0,0.0,28.335561752319336,0
186.42,3.2162322093490336e-40,1.0,0.0,28.333879470825195,0
186.52,3.2178969519246518e-40,1.0,0.0,28.333118438720703,0
186.62,3.2196121412449853e-40,1.0,0.0,28.33246612548828,0
186.72,3.221276883820603e-40,1.0,0.0,28.331968307495117,0
186.82,3.2229920731409365e-40,1.0,0.0,28.33096694946289,0
186.92,3.2246568157165546e-40,1.0,0.0,28.32977867126465,0
187.02,3.226372005036888e-40,1.0,0.0,28.32859992980957,0
187.12,3.228036747612506e-40,1.0,0.0,28.327409744262695,0
187.22,3.2297519369328397e-40,1.0,0.0,28.326364517211914,0
187.33,3.2314671262531732e-40,1.0,0.0,28.32552719116211,0
187.43,3.233131868828791e-40,1.0,0.0,28.324771881103516,0
187.53,3.2348470581491244e-40,1.0,0.0,28.32398223876953,0
187.63,3.2365118007247426e-40,1.0,0.0,28.323345184326172,0
187.73,3.2381765433003603e-40,1.0,0.0,28.322494506835938,0
187.83,3.2398917326206938e-40,1.0,0.0,28.321643829345703,0
187.93,3.2416069219410277e-40,1.0,0.0,28.32083511352539,0
188.03,3.2432716645166454e-40,1.0,0.0,28.3199520111084,0
188.13,3.244936407092263e-40,1.0,0.0,28.319028854370117,0
188.23,3.246651596412597e-40,1.0,0.0,28.317834854125977,0
188.33,3.2483163389882147e-40,1.0,0.0,28.31658363342285,0
188.43,3.2500315283085482e-40,1.0,0.0,28.3153018951416,0
188.53,3.2517467176288817e-40,1.0,0.0,28.31403923034668,0
188.63,3.2534114602045e-40,1.0,0.0,28.312816619873047,0
188.73,3.2551266495248333e-40,1.0,0.0,28.311548233032227,0
188.83,3.256791392100451e-40,1.0,0.0,28.31029510498047,0
188.93,3.258506581420785e-40,1.0,0.0,28.308992385864258,0
189.03,3.2601713239964027e-40,1.0,0.0,28.307716369628906,0
189.13,3.261886513316736e-40,1.0,0.0,28.306386947631836,0
189.24,3.2635512558923543e-40,1.0,0.0,28.305082321166992,0
189.34,3.265266445212688e-40,1.0,0.0,28.30371856689453,0
189.44,3.2669311877883055e-40,1.0,0.0,28.302383422851562,0
189.54,3.268646377108639e-40,1.0,0.0,28.300992965698242,0
189.64,3.270311119684257e-40,1.0,0.0,28.299631118774414,0
189.74,3.2720263090045906e-40,1.0,0.0,28.298213958740234,0
189.84,3.273741498324924e-40,1.0,0.0,28.296781539916992,0
189.94,3.2754062409005423e-40,1.0,0.0,28.295377731323242,0
190.04,3.2771214302208758e-40,1.0,0.0,28.29391860961914,0
190.14,3.2787861727964935e-40,1.0,0.0,28.2924861907959,0
190.24,3.280501362116827e-40,1.0,0.0,28.290996551513672,0
190.34,3.282166104692445e-40,1.0,0.0,28.28953742980957,0
190.44,3.2838812940127786e-40,1.0,0.0,28.288021087646484,0
190.54,3.2855460365883963e-40,1.0,0.0,28.286537170410156,0
190.64,3.2872612259087302e-40,1.0,0.0,28.284990310668945,0
190.74,3.288925968484348e-40,1.0,0.0,28.283479690551758,0
190.84,3.2906411578046814e-40,1.0,0.0,28.281906127929688,0
190.95,3.2923059003802996e-40,1.0,0.0,28.280363082885742,0
191.05,3.294021089700633e-40,1.0,0.0,28.278764724731445,0
191.15,3.2956858322762508e-40,1.0,0.0,28.27720069885254,0
191.25,3.2974010215965843e-40,1.0,0.0,28.275575637817383,0
191.35,3.2990657641722024e-40,1.0,0.0,28.273983001708984,0
191.45,3.300780953492536e-40,1.0,0.0,28.272329330444336,0
191.55,3.3024961428128694e-40,1.0,0.0,28.270666122436523,0
191.65,3.3041608853884875e-40,1.0,0.0,28.269039154052734,0
191.75,3.3057751812193895e-40,1.0,0.0,28.267446517944336,0
191.85,3.3075408172844387e-40,1.0,0.0,28.265697479248047,0
191.95,3.3092560066047722e-40,1.0,0.0,28.26398277282715,0
192.05,3.3109207491803903e-40,1.0,0.0,28.262310028076172,0
192.15,3.312635938500724e-40,1.0,0.0,28.260576248168945,0
192.25,3.3143006810763416e-40,1.0,0.0,28.25887680053711,0
192.35,3.3160158703966755e-40,1.0,0.0,28.25712013244629,0
192.45,3.317680612972293e-40,1.0,0.0,28.25540542602539,0
192.56,3.3193958022926267e-40,1.0,0.0,28.25362777709961,0
192.66,3.321060544868245e-40,1.0,0.0,28.251890182495117,0
192.76,3.3227757341885783e-40,1.0,0.0,28.250091552734375,0
192.86,3.324440476764196e-40,1.0,0.0,28.24833869934082,0
192.96,3.326105219339814e-40,1.0,0.0,28.2465763092041,0
193.06,3.3278204086601476e-40,1.0,0.0,28.245332717895508,0
193.16,3.3294851512357654e-40,1.0,0.0,28.244678497314453,0
193.26,3.331200340556099e-40,1.0,0.0,28.24386215209961,0
193.36,3.3329155298764328e-40,1.0,0.0,28.24271011352539,0
193.46,3.3345802724520505e-40,1.0,0.0,28.241317749023438,0
193.56,3.336295461772384e-40,1.0,0.0,28.23987579345703,0
193.66,3.337960204348002e-40,1.0,0.0,28.23847007751465,0
193.76,3.3396753936683356e-40,1.0,0.0,28.23701286315918,0
193.86,3.3413401362439533e-40,1.0,0.0,28.235580444335938,0
193.96,3.343055325564287e-40,1.0,0.0,28.23410987854004,0
194.06,3.344720068139905e-40,1.0,0.0,28.232677459716797,0
194.16,3.3464352574602384e-40,1.0,0.0,28.23118782043457,0
194.26,3.348100000035856e-40,1.0,0.0,28.229738235473633,0
194.36,3.34981518935619e-40,1.0,0.0,28.22823715209961,0
194.46,3.3514799319318078e-40,1.0,0.0,28.226774215698242,0
194.56,3.3531951212521413e-40,1.0,0.0,28.225257873535156,0
194.67,3.3548598638277594e-40,1.0,0.0,28.223777770996094,0
194.77,3.356575053148093e-40,1.0,0.0,28.222251892089844,0
194.87,3.3582397957237106e-40,1.0,0.0,28.220760345458984,0
194.97,3.359954985044044e-40,1.0,0.0,28.21919822692871,0
195.07,3.3616197276196622e-40,1.0,0.0,28.217695236206055,0
195.17,3.3633349169399957e-40,1.0,0.0,28.216140747070312,0
195.27,3.3649996595156134e-40,1.0,0.0,28.214624404907227,0
195.37,3.3667148488359473e-40,1.0,0.0,28.21305274963379,0
195.47,3.368379591411565e-40,1.0,0.0,28.21152114868164,0
195.57,3.3700947807318986e-40,1.0,0.0,28.209938049316406,0
195.67,3.371809970052232e-40,1.0,0.0,28.208345413208008,0
195.77,3.37347471262785e-40,1.0,0.0,28.206796646118164,0
195.87,3.3751899019481837e-40,1.0,0.0,28.20519256591797,0
195.97,3.3768546445238014e-40,1.0,0.0,28.20362663269043,0
196.07,3.3785698338441353e-40,1.0,0.0,28.20201301574707,0
196.17,3.380234576419753e-40,1.0,0.0,28.2004337310791,0
196.27,3.3819497657400865e-40,1.0,0.0,28.19880485534668,0
196.38,3.3836145083157046e-40,1.0,0.0,28.19721794128418,0
196.48,3.3852792508913224e-40,1.0,0.0,28.19561195373535,0
196.58,3.386994440211656e-40,1.0,0.0,28.1939697265625,0
196.68,3.3887096295319893e-40,1.0,0.0,28.192312240600586,0
196.78,3.3903743721076075e-40,1.0,0.0,28.19068717956543,0
196.88,3.392039114683225e-40,1.0,0.0,28.189071655273438,0
196.98,3.3937543040035587e-40,1.0,0.0,28.18739891052246,0
197.08,3.395419046579177e-40,1.0,0.0,28.18575668334961,0
197.18,3.3971342358995103e-40,1.0,0.0,28.184078216552734,0
197.28,3.398798978475128e-40,1.0,0.0,28.182435989379883,0
197.38,3.400514167795462e-40,1.0,0.0,28.18073272705078,0
197.48,3.4021789103710797e-40,1.0,0.0,28.179088592529297,0
197.58,3.403894099691413e-40,1.0,0.0,28.177371978759766,0
197.68,3.4055588422670313e-40,1.0,0.0,28.17570686340332,0
197.78,3.4072740315873648e-40,1.0,0.0,28.17399024963379,0
197.88,3.4089387741629825e-40,1.0,0.001019998686388135,28.17232322692871,0
197.98,3.410653963483316e-40,0.7181500196456909,0.03916741535067558,28.17072868347168,0
198.08,3.412318706058934e-40,0.06905001401901245,0.261832594871521,28.169837951660156,0
198.18,3.4140338953792676e-40,0.0,0.6868163347244263,28.169816970825195,0
198.28,3.4156986379548853e-40,0.0,0.7500245571136475,28.169816970825195,0
198.38,3.4174138272752192e-40,0.0,0.6471216082572937,28.169816970825195,0
198.48,3.419078569850837e-40,0.0,0.621724545955658,28.169816970825195,0
198.59,3.4207937591711704e-40,0.0,0.6057485342025757,28.169816970825195,0
198.69,3.4224585017467886e-40,0.0,0.5636394619941711,28.169816970825195,0
198.79,3.424173691067122e-40,0.0,0.5146133303642273,28.169816970825195,0
198.89,3.4258888803874556e-40,0.0,0.5054577589035034,28.169816970825195,0
198.99,3.4275536229630733e-40,0.0,0.5066674947738647,28.169816970825195,0
199.09,3.4292183655386914e-40,0.0,0.504732608795166,28.169816970825195,0
199.19,3.430933554859025e-40,0.0,0.4844401478767395,28.169816970825195,0
199.29,3.4326487441793584e-40,0.0,0.462256520986557,28.169816970825195,0
199.39,3.4343134867549765e-40,0.0,0.46172115206718445,28.169816970825195,0
199.49,3.43602867607531e-40,0.0,0.44725286960601807,28.169816970825195,0
199.59,3.4376934186509277e-40,0.0,0.4245584309101105,28.169816970825195,0
199.69,3.4394086079712612e-40,0.0,0.41321802139282227,28.169816970825195,0
199.79,3.4410733505468794e-40,0.0,0.3921143710613251,28.169816970825195,0
199.89,3.442788539867213e-40,0.0,0.3466964364051819,28.169816970825195,0
199.99,3.4444532824428306e-40,0.0,0.27843987941741943,28.169816970825195,0
200.09,3.4461684717631645e-40,0.0,0.22167083621025085,28.169816970825195,0
200.19,3.447833214338782e-40,0.0,0.17152494192123413,28.169816970825195,0
200.3,3.4495484036591157e-40,0.0,0.11657507717609406,28.169816970825195,0
200.4,3.451213146234734e-40,0.1665000021457672,0.03652024641633034,28.169620513916016,0
200.5,3.4529283355550673e-40,0.5498999953269958,0.0,28.169069290161133,0
200.6,3.454643524875401e-40,0.7142999768257141,0.0,28.168251037597656,0
200.7,3.4563082674510185e-40,0.7642499804496765,0.0,28.167387008666992,0
200.8,3.4580234567713524e-40,0.7269999980926514,0.0,28.166353225708008,0
200.9,3.45968819934697e-40,0.489300012588501,0.0,28.165271759033203,0
201.0,3.4614033886673036e-40,0.17919999361038208,0.0,28.16451644897461,0
201.1,3.4630681312429218e-40,0.15880000591278076,0.0,28.164016723632812,0
201.2,3.4647833205632553e-40,0.18895000219345093,0.0,28.16349983215332,0
201.3,3.466448063138873e-40,0.21035000681877136,0.0,28.16297721862793,0
201.4,3.4681632524592065e-40,0.28530001640319824,0.0,28.162364959716797,0
201.5,3.4698279950348246e-40,0.28095000982284546,0.0,28.161714553833008,0
201.6,3.4714927376104423e-40,0.30125001072883606,0.0,28.161052703857422,0
201.7,3.473207926930776e-40,0.33990001678466797,0.0,28.160316467285156,0
201.8,3.4749231162511097e-40,0.33425000309944153,0.0,28.159555435180664,0
201.9,3.4765878588267274e-40,0.33425000309944153,0.0,28.158824920654297,0
202.0,3.478252601402345e-40,0.3355500102043152,0.0,28.158090591430664,0
202.1,3.479967790722679e-40,0.33195000886917114,0.0,28.157337188720703,0
202.21,3.4816829800430126e-40,0.3306000232696533,0.0,28.156585693359375,0
202.31,3.4833477226186303e-40,0.33195000886917114,0.0,28.155858993530273,0
202.41,3.4850124651942484e-40,0.33789998292922974,0.0,28.15512466430664,0
202.51,3.486727654514582e-40,0.3361999988555908,0.0,28.15436553955078,0
202.61,3.4883923970901996e-40,0.3312000036239624,0.0,28.15363121032715,0
202.71,3.490107586410533e-40,0.32405000925064087,0.0,28.15288734436035,0
202.81,3.4917723289861512e-40,0.3059000074863434,0.0,28.15218162536621,0
202.91,3.4934875183064847e-40,0.26214998960494995,0.0,28.151512145996094,0
203.01,3.4951522608821025e-40,0.2538999915122986,0.0,28.150903701782227,0
203.11,3.4968674502024364e-40,0.23544999957084656,0.0,28.150291442871094,0
203.21,3.498532192778054e-40,0.19290000200271606,0.0,28.149755477905273,0
203.31,3.5002473820983876e-40,0.18850001692771912,0.0,28.14923667907715,0
203.41,3.501962571418721e-40,0.19100001454353333,0.0,28.14872169494629,0
203.51,3.503627313994339e-40,0.20149999856948853,0.0,28.148218154907227,0
203.61,3.50514071633581e-40,0.32840001583099365,0.0,28.147687911987305,0
203.71,3.507057692635006e-40,0.5239499807357788,0.0,28.14670753479004,0
203.82,3.5087224352106243e-40,0.5647000074386597,0.0,28.145706176757812,0
203.92,3.510437624530958e-40,0.5722000002861023,0.0,28.1446533203125,0
204.02,3.5121023671065755e-40,0.6147000193595886,0.0,28.143611907958984,0
204.12,3.513817556426909e-40,0.6872999668121338,0.0,28.142484664916992,0
204.22,3.515482299002527e-40,0.7085000276565552,0.0,28.141340255737305,0
204.32,3.5171974883228606e-40,0.75409996509552,0.0,28.140125274658203,0
204.42,3.5188622308984784e-40,0.8659999966621399,0.0,28.13885498046875,0
204.52,3.5205774202188123e-40,1.0,0.0,28.137495040893555,0
204.62,3.52224216279443e-40,1.0,0.0,28.136096954345703,0
204.72,3.5239573521147635e-40,1.0,0.0,28.134733200073242,0
204.82,3.5256220946903816e-40,1.0,0.0,28.133405685424805,0
204.92,3.527337284010715e-40,1.0,0.0,28.131715774536133,0
205.02,3.529002026586333e-40,1.0,0.0,28.130046844482422,0
205.12,3.5307172159066663e-40,1.0,0.0,28.128314971923828,0
205.22,3.5323819584822844e-40,1.0,0.0,28.12662696838379,0
205.32,3.534097147802618e-40,1.0,0.0,28.124893188476562,0
205.42,3.5357618903782357e-40,1.0,0.0,28.123201370239258,0
205.52,3.5374266329538538e-40,1.0,0.0,28.12148666381836,0
205.62,3.5391418222741873e-40,1.0,0.0,28.119699478149414,0
205.72,3.540806564849805e-40,1.0,0.0,28.117937088012695,0
205.82,3.542521754170139e-40,1.0,0.0,28.11610221862793,0
205.93,3.5442369434904724e-40,1.0,0.0,28.114246368408203,0
206.03,3.54590168606609e-40,1.0,0.0,28.113040924072266,0
206.13,3.5476168753864236e-40,1.0,0.0,28.112224578857422,0
206.23,3.5492816179620417e-40,1.0,0.0,28.111408233642578,0
206.33,3.5509463605376595e-40,1.0,0.0,28.110828399658203,0
206.43,3.552661549857993e-40,1.0,0.0,28.109554290771484,0
206.53,3.554376739178327e-40,1.0,0.0,28.108234405517578,0
206.63,3.5560414817539446e-40,1.0,0.0,28.1069393157959,0
206.73,3.557756671074278e-40,1.0,0.0,28.105588912963867,0
206.83,3.559421413649896e-40,1.0,0.0,28.104267120361328,0
206.93,3.5611366029702297e-40,1.0,0.0,28.102888107299805,0
207.03,3.5628013455458474e-40,1.0,0.0,28.101533889770508,0
207.13,3.5644660881214655e-40,1.0,0.0,28.100168228149414,0
207.23,3.566181277441799e-40,1.0,0.0,28.09874725341797,0
207.33,3.5678460200174167e-40,1.0,0.0,28.097354888916016,0
207.43,3.5695612093377502e-40,1.0,0.0,28.095905303955078,0
207.53,3.5712259519133684e-40,1.0,0.0,28.094482421875,0
207.63,3.572941141233702e-40,1.0,0.0,28.09300422668457,0
207.73,3.5746563305540354e-40,1.0,0.0,28.09151268005371,0
207.83,3.5763210731296535e-40,1.0,0.0,28.090051651000977,0
207.94,3.577985815705271e-40,1.0,0.0,28.088577270507812,0
208.04,3.5797010050256047e-40,1.0,0.0,28.087039947509766,0
208.14,3.581365747601223e-40,1.0,0.0,28.085540771484375,0
208.24,3.5830809369215563e-40,1.0,0.0,28.083982467651367,0
208.34,3.584745679497174e-40,1.0,0.0,28.082454681396484,0
208.44,3.5864608688175075e-40,1.0,0.0,28.080869674682617,0
208.54,3.5881256113931257e-40,1.0,0.0,28.079317092895508,0
208.64,3.589840800713459e-40,1.0,0.0,28.077701568603516,0
208.74,3.591505543289077e-40,1.0,0.0,28.076126098632812,0
208.84,3.5932207326094108e-40,1.0,0.0,28.074485778808594,0
208.94,3.5948854751850285e-40,1.0,0.0,28.07288360595703,0
209.04,3.596600664505362e-40,1.0,0.0,28.071218490600586,0
209.14,3.59826540708098e-40,1.0,0.0,28.069589614868164,0
209.24,3.5999805964013136e-40,1.0,0.0,28.067903518676758,0
209.34,3.6016453389769313e-40,1.0,0.0,28.066255569458008,0
209.44,3.603360528297265e-40,0.7932000160217285,0.007843275554478168,28.06462287902832,0
209.54,3.605025270872883e-40,0.16664999723434448,0.15052980184555054,28.063600540161133,0
209.64,3.6067404601932164e-40,0.0,0.3982585370540619,28.063474655151367,0
209.74,3.608405202768834e-40,0.0,0.5942577719688416,28.063474655151367,0
209.84,3.610120392089168e-40,0.0,0.606644868850708,28.063474655151367,0
209.95,3.6118355814095016e-40,0.0,0.5236181616783142,28.063474655151367,0
210.05,3.6135003239851193e-40,0.0,0.4805181920528412,28.063474655151367,0
210.15,3.6151650665607374e-40,0.0,0.4500346779823303,28.063474655151367,0
210.25,3.616880255881071e-40,0.0,0.4026208221912384,28.063474655151367,0
210.35,3.6185449984566886e-40,0.0,0.37523356080055237,28.063474655151367,0
210.45,3.620260187777022e-40,0.0,0.35163307189941406,28.063474655151367,0
210.55,3.6219249303526402e-40,0.0,0.33516666293144226,28.063474655151367,0
210.65,3.6236401196729737e-40,0.0,0.3267931342124939,28.063474655151367,0
210.75,3.6253048622485915e-40,0.0,0.3203931450843811,28.063474655151367,0
210.85,3.6270200515689254e-40,0.0,0.30205219984054565,28.063474655151367,0
210.95,3.628684794144543e-40,0.0,0.2765084207057953,28.063474655151367,0
211.05,3.6303999834648766e-40,0.0,0.2498064935207367,28.063474655151367,0
211.15,3.63211517278521e-40,0.0,0.22577904164791107,28.063474655151367,0
211.25,3.633779915360828e-40,0.0,0.20605769753456116,28.063474655151367,0
211.35,3.6354951046811617e-40,0.0,0.1632765829563141,28.063474655151367,0
211.45,3.6371598472567794e-40,0.03955000638961792,0.09251590073108673,28.063404083251953,0
211.55,3.6388750365771133e-40,0.10765001177787781,0.012317972257733345,28.063133239746094,0
211.65,3.640539779152731e-40,0.22975000739097595,0.0,28.06269073486328,0
211.75,3.6422549684730645e-40,0.27459999918937683,0.0,28.062129974365234,0
211.85,3.6439197110486827e-40,0.2730500102043152,0.0,28.06156349182129,0
211.96,3.645634900369016e-40,0.260699987411499,0.0,28.060993194580078,0
212.06,3.647299642944634e-40,0.24605000019073486,0.0,28.060455322265625,0
212.16,3.6490148322649674e-40,0.20125001668930054,0.0,28.059940338134766,0
212.26,3.6506795748405855e-40,0.15575000643730164,0.0,28.059490203857422,0
212.36,3.652394764160919e-40,0.11620000004768372,0.0,28.05905532836914,0
212.46,3.6540595067365367e-40,0.09000000357627869,0.0,28.05866813659668,0
212.56,3.6557746960568706e-40,0.08415001630783081,0.0,28.058320999145508,0
212.66,3.6574394386324883e-40,0.08305001258850098,0.0,28.057998657226562,0
212.76,3.659154627952822e-40,0.09075000882148743,0.0,28.057659149169922,0
212.86,3.66081937052844e-40,0.10475000739097595,0.0,28.057289123535156,0
212.96,3.6625345598487734e-40,0.1362999975681305,0.0,28.056884765625,0
213.06,3.664249749169107e-40,0.14515000581741333,0.0,28.056467056274414,0
213.16,3.6659144917447247e-40,0.1554500162601471,0.0,28.056060791015625,0
213.26,3.6676296810650586e-40,0.20945000648498535,0.0,28.055627822875977,0
213.36,3.6692944236406763e-40,0.2578999996185303,0.0,28.05513572692871,0
213.46,3.670959166216294e-40,0.2695000171661377,0.0,28.054624557495117,0
213.56,3.672674355536628e-40,0.29739999771118164,0.0,28.054075241088867,0
213.67,3.674339098112246e-40,0.3598499894142151,0.0,28.05347442626953,0
213.77,3.676054287432579e-40,0.3652999997138977,0.0,28.052806854248047,0
213.87,3.677769476752913e-40,0.3709000051021576,0.0,28.052139282226562,0
213.97,3.679434219328531e-40,0.38534998893737793,0.0,28.051475524902344,0
214.07,3.681149408648865e-40,0.39410001039505005,0.0,28.05077362060547,0
214.17,3.682814151224482e-40,0.4050999879837036,0.0,28.050081253051758,0
214.27,3.6845293405448154e-40,0.46184998750686646,0.0,28.049327850341797,0
214.37,3.686194083120434e-40,0.5669500231742859,0.0,28.048490524291992,0
214.47,3.687909272440767e-40,0.6184499859809875,0.0,28.047561645507812,0
214.57,3.689574015016385e-40,0.7193499803543091,0.0,28.046607971191406,0
214.67,3.691289204336719e-40,0.7751500010490417,0.0,28.045530319213867,0
214.77,3.6929539469123364e-40,0.7989000082015991,0.0,28.044445037841797,0
214.87,3.69466913623267e-40,0.8636000156402588,0.0,28.043336868286133,0
214.97,3.696333878808288e-40,0.9218000173568726,0.0,28.042259216308594,0
215.07,3.698049068128622e-40,0.9887000322341919,0.0,28.041099548339844,0
215.17,3.69971381070424e-40,1.0,0.0,28.040002822875977,0
215.27,3.701429000024573e-40,1.0,0.0,28.038808822631836,0
215.37,3.703093742600191e-40,1.0,0.0,28.037551879882812,0
215.48,3.704808931920524e-40,1.0,0.0,28.036046981811523,0
215.58,3.706473674496142e-40,1.0,0.0,28.034587860107422,0
215.68,3.708188863816476e-40,1.0,0.0,28.033069610595703,0
215.78,3.709853606392094e-40,1.0,0.0,28.031572341918945,0
215.88,3.711568795712428e-40,1.0,0.0,28.029998779296875,0
215.98,3.713233538288045e-40,1.0,0.0,28.028440475463867,0
216.08,3.714948727608379e-40,1.0,0.0,28.02680206298828,0
216.18,3.716613470183997e-40,1.0,0.0,28.025182723999023,0
216.28,3.71832865950433e-40,1.0,0.0,28.023483276367188,0
216.38,3.7199934020799486e-40,1.0,0.0,28.021808624267578,0
216.48,3.721708591400282e-40,1.0,0.0,28.020061492919922,0
216.58,3.723373333975899e-40,1.0,0.0,28.018341064453125,0
216.68,3.725088523296233e-40,1.0,0.0,28.01654052734375,0
216.78,3.726753265871851e-40,1.0,0.0,28.0147762298584,0
216.88,3.728468455192185e-40,1.0,0.0,28.012939453125,0
216.98,3.730133197767803e-40,1.0,0.0,28.011137008666992,0
217.08,3.7318483870881365e-40,1.0,0.0,28.01048469543457,0
217.18,3.733513129663754e-40,1.0,0.0,28.009883880615234,0
217.28,3.735228318984087e-40,1.0,0.0,28.009302139282227,0
217.38,3.736893061559706e-40,1.0,0.0,28.008188247680664,0
217.49,3.738608250880039e-40,1.0,0.0,28.006877899169922,0
217.59,3.740272993455657e-40,1.0,0.0,28.00558853149414,0
217.69,3.7419881827759906e-40,1.0,0.0,28.004247665405273,0
217.79,3.743652925351608e-40,1.0,0.0,28.0029296875,0
217.89,3.745368114671942e-40,1.0,0.0,28.001558303833008,0
217.99,3.74703285724756e-40,1.0,0.0,28.000207901000977,0
218.09,3.748748046567894e-40,1.0,0.0,27.998807907104492,0
218.19,3.7504127891435115e-40,1.0,0.0,27.997434616088867,0
218.29,3.752127978463845e-40,1.0,0.0,27.996000289916992,0
218.39,3.7538431677841785e-40,1.0,0.0,27.994552612304688,0
218.49,3.755507910359796e-40,1.0,0.0,27.993139266967773,0
218.59,3.75722309968013e-40,1.0,0.0,27.991662979125977,0
218.69,3.758887842255748e-40,1.0,0.0,27.990217208862305,0
218.79,3.760603031576082e-40,1.0,0.0,27.98871612548828,0
218.89,3.7622677741516995e-40,1.0,0.0,27.98724365234375,0
218.99,3.7639829634720326e-40,1.0,0.0,27.985713958740234,0
219.09,3.765647706047651e-40,1.0,0.0,27.98421287536621,0
219.19,3.767362895367984e-40,1.0,0.0,27.98265838623047,0
219.3,3.769027637943602e-40,1.0,0.0,27.98113250732422,0
219.4,3.770742827263936e-40,1.0,0.0,27.979541778564453,0
219.5,3.7724075698395535e-40,1.0,0.0,27.977996826171875,0
219.6,3.7741227591598874e-40,1.0,0.0,27.976383209228516,0
219.7,3.775787501735505e-40,1.0,0.0,27.974803924560547,0
219.8,3.777502691055839e-40,1.0,0.0,27.97316551208496,0
219.9,3.779167433631457e-40,1.0,0.0,27.9715633392334,0
220.0,3.78088262295179e-40,1.0,0.0,27.969898223876953,0
220.1,3.782547365527408e-40,1.0,0.0,27.96827507019043,0
220.2,3.784212108103026e-40,1.0,0.0,27.96663475036621,0
220.3,3.785927297423359e-40,1.0,0.0,27.96493148803711,0
220.4,3.787642486743693e-40,1.0,0.0,27.963220596313477,0
220.5,3.789307229319311e-40,0.9556499719619751,0.004130777902901173,27.96155548095703,0
220.6,3.791022418639645e-40,0.6711000204086304,0.015608731657266617,27.960100173950195,0
220.7,3.7926871612152625e-40,0.319599986076355,0.05438666418194771,27.95905303955078,0
220.8,3.794402350535596e-40,0.0,0.17979079484939575,27.95853614807129,0
220.9,3.796067093111214e-40,0.0,0.3388570249080658,27.95853614807129,0
221.0,3.797782282431547e-40,0.0,0.47848600149154663,27.95853614807129,0
221.1,3.799447025007166e-40,0.0,0.5045715570449829,27.95853614807129,0
221.2,3.801162214327499e-40,0.0,0.5039277672767639,27.95853614807129,0
221.31,3.8028269569031165e-40,0.0,0.5753907561302185,27.95853614807129,0
221.42,3.804693486457597e-40,0.0,0.6255511045455933,27.95853614807129,0
221.52,3.806408675777931e-40,0.0,0.626007616519928,27.95853614807129,0
221.62,3.808073418353549e-40,0.0,0.6130294799804688,27.95853614807129,0
221.72,3.809788607673883e-40,0.0,0.5785252451896667,27.95853614807129,0
221.82,3.8114533502495006e-40,0.0,0.5516898036003113,27.95853614807129,0
221.92,3.813168539569834e-40,0.0,0.532464861869812,27.95853614807129,0
222.02,3.814833282145452e-40,0.0,0.5195136666297913,27.95853614807129,0
222.12,3.816548471465785e-40,0.0,0.5082833170890808,27.95853614807129,0
222.22,3.818263660786119e-40,0.0,0.470098614692688,27.95853614807129,0
222.32,3.819928403361737e-40,0.02000001072883606,0.35608452558517456,27.95853614807129,0
222.42,3.821593145937355e-40,0.12005001306533813,0.06469833850860596,27.958324432373047,0
222.52,3.8233083352576885e-40,0.2598000168800354,0.0,27.9578800201416,0
222.62,3.825023524578022e-40,0.3313000202178955,0.0,27.95728302001953,0
222.72,3.82668826715364e-40,0.360150009393692,0.0,27.956642150878906,0
222.82,3.828353009729258e-40,0.42590001225471497,0.0,27.95595359802246,0
222.92,3.830068199049591e-40,0.4828000068664551,0.0,27.955121994018555,0
223.03,3.8317329416252095e-40,0.4728499948978424,0.0,27.954286575317383,0
223.13,3.8334481309455426e-40,0.4673500061035156,0.0,27.95343017578125,0
223.23,3.83511287352116e-40,0.49605000019073486,0.0,27.952577590942383,0
223.33,3.836828062841494e-40,0.6654499769210815,0.0,27.95160675048828,0
223.43,3.838492805417112e-40,0.8604999780654907,0.0,27.95049285888672,0
223.53,3.840207994737446e-40,1.0,0.0,27.94908332824707,0
223.63,3.841923184057779e-40,1.0,0.0,27.94756507873535,0
223.73,3.8435879266333974e-40,1.0,0.0,27.946067810058594,0
223.83,3.8453031159537305e-40,1.0,0.0,27.944501876831055,0
223.93,3.846967858529348e-40,1.0,0.0,27.942962646484375,0
224.03,3.848632601104967e-40,1.0,0.0,27.9414119720459,0
224.13,3.8503477904253e-40,1.0,0.0,27.939775466918945,0
224.23,3.852062979745634e-40,1.0,0.0,27.93810272216797,0
224.33,3.8537277223212515e-40,1.0,0.0,27.93645477294922,0
224.43,3.855442911641585e-40,0.8157999515533447,0.0,27.934799194335938,0
224.53,3.857107654217203e-40,0.29695001244544983,0.006334255449473858,27.93368911743164,0
224.63,3.858822843537536e-40,0.0,0.08606694638729095,27.933334350585938,0
224.73,3.860487586113155e-40,0.0,0.2574608325958252,27.933334350585938,0
224.83,3.862202775433488e-40,0.0,0.3087201714515686,27.933334350585938,0
224.94,3.8638675180091055e-40,0.0,0.14533458650112152,27.933334350585938,0
225.04,3.8655827073294394e-40,0.0,0.10793232917785645,27.933334350585938,0
225.14,3.867247449905057e-40,0.0,0.27957963943481445,27.933334350585938,0
225.24,3.868962639225391e-40,0.0,0.3944816291332245,27.933334350585938,0
225.34,3.870627381801009e-40,0.0,0.2838780879974365,27.933334350585938,0
225.44,3.872342571121343e-40,0.0,0.18508373200893402,27.933334350585938,0
225.54,3.87400731369696e-40,0.0,0.06589525192975998,27.933334350585938,0
225.64,3.87577294976201e-40,0.0,9.895231778500602e-05,27.933334350585938,0
225.74,3.877437692337627e-40,0.029900014400482178,0.0,27.933307647705078,0
225.84,3.879152881657961e-40,0.07420000433921814,0.0,27.933120727539062,0
225.94,3.880817624233579e-40,0.17390000820159912,0.0,27.932777404785156,0
226.04,3.882532813553912e-40,0.4347499907016754,0.0,27.93222427368164,0
226.15,3.884197556129531e-40,0.6715499758720398,0.0,27.931386947631836,0
226.25,3.885912745449864e-40,0.719249963760376,0.0,27.930404663085938,0
226.35,3.887627934770198e-40,0.7105500102043152,0.0,27.929401397705078,0
226.45,3.889292677345815e-40,0.6895999908447266,0.0,27.928430557250977,0
226.55,3.891007866666149e-40,0.5911999940872192,0.0,27.927444458007812,0
226.65,3.892672609241767e-40,0.2774500250816345,0.0,27.926687240600586,0
226.75,3.894337351817385e-40,0.25255000591278076,0.0,27.92618179321289,0
226.85,3.8960525411377186e-40,0.4007999897003174,0.0,27.92554473876953,0
226.95,3.897717283713336e-40,0.416949987411499,0.0,27.924795150756836,0
227.05,3.899432473033669e-40,0.32600000500679016,0.0,27.9240779876709,0
227.15,3.901097215609288e-40,0.22460001707077026,0.0,27.92352867126465,0
227.25,3.902812404929621e-40,0.13340002298355103,0.0,27.92308235168457,0
227.35,3.904477147505239e-40,0.041250020265579224,0.0,27.92276382446289,0
227.45,3.906192336825573e-40,0.0,0.0,27.922740936279297,0
227.55,3.90785707940119e-40,0.0,0.0,27.922740936279297,0
227.65,3.909572268721524e-40,0.0,0.0,27.922740936279297,0
227.75,3.911237011297142e-40,0.0,0.0,27.922740936279297,0
227.85,3.912952200617476e-40,0.0,0.0,27.922740936279297,0
227.95,3.914616943193094e-40,0.0,0.0,27.922740936279297,0
228.05,3.916332132513427e-40,0.0,0.0,27.922740936279297,0
228.15,3.917996875089045e-40,0.3867500126361847,0.0,27.92255210876465,0
228.26,3.919712064409378e-40,0.9993000030517578,0.0,27.921907424926758,0
228.36,3.921376806984996e-40,1.0,0.0,27.921201705932617,0
228.46,3.92309199630533e-40,1.0,0.0,27.920459747314453,0
228.56,3.924756738880948e-40,1.0,0.0,27.91974639892578,0
228.66,3.9264719282012816e-40,1.0,0.0,27.918813705444336,0
228.76,3.928136670776899e-40,1.0,0.0,27.917682647705078,0
228.86,3.929851860097233e-40,1.0,0.0,27.91646385192871,0
228.96,3.931516602672851e-40,1.0,0.0,27.91526222229004,0
229.06,3.933231791993184e-40,1.0,0.0,27.91399574279785,0
229.16,3.9348965345688025e-40,1.0,0.0,27.912731170654297,0
229.26,3.936611723889136e-40,1.0,0.0,27.911396026611328,0
229.36,3.9383269132094695e-40,1.0,0.0,27.91002655029297,0
229.46,3.939991655785087e-40,1.0,0.0,27.908666610717773,0
229.56,3.941706845105421e-40,1.0,0.0,27.9072322845459,0
229.67,3.943371587681039e-40,1.0,0.0,27.905811309814453,0
229.77,3.945137223746088e-40,1.0,0.0,27.904272079467773,0
229.87,3.946801966321706e-40,1.0,0.0,27.90279197692871,0
229.97,3.94851715564204e-40,1.0,0.0,27.901243209838867,0
230.07,3.9501818982176575e-40,1.0,0.0,27.899707794189453,0
230.17,3.9518970875379905e-40,1.0,0.0,27.898094177246094,0
230.27,3.953561830113609e-40,1.0,0.0,27.896507263183594,0
230.37,3.955277019433942e-40,1.0,0.0,27.89484405517578,0
230.47,3.95694176200956e-40,1.0,0.0,27.893199920654297,0
230.57,3.958656951329894e-40,0.7541999816894531,0.0,27.89158821105957,0
230.67,3.9603216939055115e-40,0.34220001101493835,0.0,27.8904972076416,0
230.77,3.9620368832258454e-40,0.23055002093315125,0.0,27.889799118041992,0
230.87,3.963701625801463e-40,0.23675000667572021,0.0,27.88916778564453,0
230.97,3.965416815121797e-40,0.24880000948905945,0.0,27.888498306274414,0
231.07,3.967081557697415e-40,0.23875001072883606,0.0,27.887849807739258,0
231.17,3.968796747017748e-40,0.225600004196167,0.0,27.887203216552734,0
231.27,3.970461489593366e-40,0.1878499984741211,0.0,27.886615753173828,0
231.38,3.9721766789136995e-40,0.1274999976158142,0.0,27.886070251464844,0
231.48,3.973891868234033e-40,0.10835000872612,0.0,27.88556671142578,0
231.58,3.975556610809651e-40,0.11065000295639038,0.0,27.885087966918945,0
231.68,3.977271800129985e-40,0.11765000224113464,0.0,27.884593963623047,0
231.78,3.978936542705603e-40,0.12090000510215759,0.0,27.884113311767578,0
231.88,3.980651732025936e-40,0.12040001153945923,0.0,27.883621215820312,0
231.98,3.982316474601554e-40,0.1193000078201294,0.0,27.883150100708008,0
232.08,3.9840316639218874e-40,0.11680001020431519,0.0,27.882667541503906,0
232.18,3.985746853242221e-40,0.1152999997138977,0.0,27.882190704345703,0
232.28,3.987411595817839e-40,0.1140500009059906,0.0,27.881732940673828,0
232.38,3.989126785138173e-40,0.11425000429153442,0.0,27.881263732910156,0
232.48,3.990791527713791e-40,0.12174999713897705,0.0,27.88081169128418,0
232.58,3.992506717034124e-40,0.23794999718666077,0.0,27.880319595336914,0
232.69,3.994171459609742e-40,0.6198999881744385,0.0,27.879484176635742,0
232.79,3.995886648930075e-40,0.9175000190734863,0.0,27.87823486328125,0
232.89,3.997601838250409e-40,1.0,0.0,27.876853942871094,0
232.99,3.999266580826027e-40,1.0,0.0,27.87567710876465,0
233.09,4.000981770146361e-40,1.0,0.0,27.874446868896484,0
233.19,4.002646512721979e-40,1.0,0.0,27.873355865478516,0
233.29,4.004361702042312e-40,1.0,0.0,27.872119903564453,0
233.39,4.00602644461793e-40,1.0,0.0,27.871116638183594,0
233.49,4.007741633938263e-40,1.0,0.0,27.869972229003906,0
233.59,4.009406376513881e-40,1.0,0.0,27.868772506713867,0
233.69,4.011121565834215e-40,1.0,0.0,27.867616653442383,0
233.8,4.012685414920401e-40,1.0,0.0,27.86650276184082,0
233.9,4.014703284709029e-40,1.0,0.0,27.864946365356445,0
234.0,4.016368027284647e-40,1.0,0.0,27.86341094970703,0
234.1,4.0180832166049805e-40,1.0,0.0,27.861726760864258,0
234.2,4.019747959180598e-40,1.0,0.0,27.86009979248047,0
234.31,4.021463148500932e-40,1.0,0.0,27.8583984375,0
234.41,4.02312789107655e-40,1.0,0.0,27.856725692749023,0
234.51,4.024843080396884e-40,1.0,0.0,27.854978561401367,0
234.62,4.0263564827383545e-40,1.0,0.0,27.85341453552246,0
234.73,4.028525692761129e-40,1.0,0.0,27.85113525390625,0
234.83,4.030240882081463e-40,1.0,0.0,27.849313735961914,0
234.93,4.031956071401796e-40,1.0,0.0,27.84747314453125,0
235.03,4.033620813977414e-40,1.0,0.0,27.84566879272461,0
235.13,4.035336003297748e-40,1.0,0.0,27.844411849975586,0
235.23,4.0370007458733655e-40,1.0,0.0,27.8438663482666,0
235.33,4.038715935193699e-40,1.0,0.0,27.843050003051758,0
235.43,4.040380677769317e-40,1.0,0.0,27.84236717224121,0
235.53,4.042095867089651e-40,1.0,0.0,27.84105682373047,0
235.63,4.043760609665269e-40,1.0,0.0,27.839765548706055,0
235.73,4.045475798985602e-40,1.0,0.0,27.838422775268555,0
235.83,4.04714054156122e-40,1.0,0.0,27.837106704711914,0
235.93,4.0488557308815535e-40,1.0,0.0,27.835735321044922,0
236.04,4.050520473457171e-40,1.0,0.0,27.83439064025879,0
236.14,4.052235662777505e-40,1.0,0.0,27.832988739013672,0
236.24,4.053900405353123e-40,1.0,0.0,27.831615447998047,0
236.34,4.055615594673457e-40,1.0,0.0,27.830184936523438,0
236.44,4.0572803372490744e-40,1.0,0.0,27.82878303527832,0
236.54,4.058995526569408e-40,1.0,0.0,27.82732582092285,0
236.64,4.060660269145026e-40,1.0,0.0,27.825897216796875,0
236.74,4.062375458465359e-40,1.0,0.0,27.82440948486328,0
236.84,4.064040201040978e-40,1.0,0.0,27.822956085205078,0
236.94,4.065755390361311e-40,1.0,0.0,27.821441650390625,0
237.04,4.0674201329369285e-40,1.0,0.0,27.81995964050293,0
237.14,4.069135322257262e-40,1.0,0.0,27.81842041015625,0
237.24,4.07080006483288e-40,1.0,0.0,27.816911697387695,0
237.34,4.072515254153214e-40,1.0,0.0,27.815343856811523,0
237.44,4.074179996728832e-40,1.0,0.0,27.813810348510742,0
237.54,4.075895186049166e-40,1.0,0.0,27.812219619750977,0
237.64,4.077559928624783e-40,1.0,0.0,27.810657501220703,0
237.74,4.0792751179451164e-40,1.0,0.0,27.809036254882812,0
237.85,4.080939860520735e-40,1.0,0.0,27.807456970214844,0
237.95,4.082655049841068e-40,1.0,0.0,27.80579376220703,0
238.05,4.084319792416686e-40,1.0,0.0,27.804187774658203,0
238.15,4.08603498173702e-40,1.0,0.0,27.802518844604492,0
238.25,4.087699724312637e-40,1.0,0.0,27.800888061523438,0
238.35,4.089414913632971e-40,1.0,0.0,27.799190521240234,0
238.45,4.091079656208589e-40,1.0,0.0,27.79753303527832,0
238.55,4.092794845528923e-40,1.0,0.0,27.795822143554688,0
238.65,4.094459588104541e-40,1.0,0.0,27.794147491455078,0
238.75,4.096174777424874e-40,1.0,0.0,27.792404174804688,0
238.85,4.097839520000492e-40,1.0,0.0,27.79070281982422,0
238.95,4.099554709320825e-40,1.0,0.0,27.7889461517334,0
239.05,4.101269898641159e-40,1.0,0.0,27.787179946899414,0
239.15,4.102934641216777e-40,1.0,0.0,27.78544807434082,0
239.25,4.104649830537111e-40,1.0,0.0,27.783658981323242,0
239.35,4.1063145731127286e-40,1.0,0.0,27.78191566467285,0
239.45,4.107979315688346e-40,1.0,0.0,27.780162811279297,0
239.55,4.10969450500868e-40,1.0,0.0,27.778596878051758,0
239.65,4.111409694329013e-40,1.0,0.0,27.777780532836914,0
239.76,4.113074436904631e-40,1.0,0.0,27.777130126953125,0
239.86,4.114789626224965e-40,1.0,0.0,27.77619743347168,0
239.96,4.116504815545299e-40,1.0,0.0,27.77477264404297,0
240.06,4.1181695581209165e-40,1.0,0.0,27.773378372192383,0
240.16,4.11988474744125e-40,1.0,0.0,27.771940231323242,0
240.26,4.1215999367615835e-40,1.0,0.0,27.770496368408203,0
240.36,4.123264679337201e-40,1.0,0.0,27.76907730102539,0
240.46,4.124929421912819e-40,1.0,0.0,27.76766014099121,0
240.56,4.126644611233153e-40,1.0,0.0,27.766191482543945,0
240.66,4.1283093538087706e-40,1.0,0.0,27.76476287841797,0
240.76,4.1300245431291045e-40,1.0,0.0,27.763273239135742,0
240.86,4.131689285704722e-40,1.0,0.0,27.761823654174805,0
240.96,4.133404475025056e-40,1.0,0.0,27.760332107543945,0
241.06,4.135069217600674e-40,1.0,0.0,27.758874893188477,0
241.16,4.136784406921007e-40,1.0,0.0,27.75735855102539,0
241.27,4.1384491494966254e-40,1.0,0.0,27.755887985229492,0
241.37,4.1401643388169585e-40,1.0,0.0,27.754362106323242,0
241.47,4.141829081392576e-40,1.0,0.0,27.752880096435547,0
241.57,4.14354427071291e-40,1.0,0.0,27.751344680786133,0
241.67,4.145259460033244e-40,1.0,0.0,27.749799728393555,0
241.77,4.146924202608862e-40,1.0,0.0,27.7482967376709,0
241.87,4.1485889451844795e-40,1.0,0.0,27.746782302856445,0
241.97,4.150304134504813e-40,1.0,0.0,27.745220184326172,0
242.07,4.151968877080431e-40,1.0,0.0,27.743701934814453,0
242.17,4.153684066400764e-40,1.0,0.0,27.74211311340332,0
242.27,4.155399255721098e-40,1.0,0.0,27.74053382873535,0
242.37,4.157063998296716e-40,1.0,0.0,27.738994598388672,0
242.47,4.15877918761705e-40,1.0,0.0,27.737396240234375,0
242.57,4.1604439301926674e-40,1.0,0.0,27.7358455657959,0
242.67,4.162159119513001e-40,1.0,0.0,27.73423957824707,0
242.77,4.163823862088619e-40,1.0,0.0,27.732664108276367,0
242.87,4.165539051408952e-40,1.0,0.0,27.73104476928711,0
242.98,4.167203793984571e-40,1.0,0.0,27.72947120666504,0
243.08,4.168918983304904e-40,1.0,0.0,27.727840423583984,0
243.18,4.170634172625238e-40,1.0,0.0,27.7262020111084,0
243.28,4.172298915200855e-40,1.0,0.0,27.724607467651367,0
243.38,4.174014104521189e-40,1.0,0.0,27.72295570373535,0
243.48,4.175678847096807e-40,1.0,0.0,27.721349716186523,0
243.58,4.17739403641714e-40,1.0,0.0,27.719688415527344,0
243.68,4.179058778992759e-40,1.0,0.0,27.71807289123535,0
243.78,4.180773968313092e-40,1.0,0.0,27.716400146484375,0
243.88,4.1824387108887095e-40,1.0,0.0,27.71477508544922,0
243.98,4.184153900209043e-40,1.0,0.0,27.713090896606445,0
244.08,4.185818642784661e-40,1.0,0.0,27.711454391479492,0
244.18,4.187533832104995e-40,1.0,0.0,27.709762573242188,0
244.28,4.189198574680613e-40,1.0,0.0,27.708110809326172,0
244.38,4.190913764000947e-40,1.0,0.0,27.706411361694336,0
244.48,4.19262895332128e-40,1.0,0.0,27.704700469970703,0
244.59,4.194293695896897e-40,1.0,0.0,27.703039169311523,0
244.69,4.196008885217231e-40,1.0,0.0,27.701322555541992,0
244.79,4.197673627792849e-40,1.0,0.0,27.699655532836914,0
244.89,4.199388817113183e-40,1.0,0.0,27.697919845581055,0
244.99,4.201053559688801e-40,1.0,0.0,27.696229934692383,0
245.09,4.2027687490091345e-40,1.0,0.0,27.694494247436523,0
245.19,4.204433491584752e-40,1.0,0.0,27.69281005859375,0
245.29,4.206148680905085e-40,1.0,0.0,27.691059112548828,0
245.39,4.207813423480704e-40,1.0,0.0,27.689359664916992,0
245.49,4.209528612801037e-40,1.0,0.0,27.687606811523438,0
245.59,4.211193355376655e-40,1.0,0.0,27.685901641845703,0
245.69,4.212908544696989e-40,1.0,0.0,27.68413734436035,0
245.79,4.214573287272606e-40,1.0,0.0,27.68242645263672,0
245.89,4.21628847659294e-40,1.0,0.0,27.6806583404541,0
245.99,4.217953219168558e-40,1.0,0.0,27.678924560546875,0
246.09,4.219668408488892e-40,1.0,0.0,27.677141189575195,0
246.19,4.2213331510645096e-40,1.0,0.0,27.67550277709961,0
246.29,4.223048340384843e-40,1.0,0.0,27.674741744995117,0
246.4,4.224713082960461e-40,1.0,0.0,27.674144744873047,0
246.5,4.226428272280794e-40,1.0,0.0,27.67310333251953,0
246.6,4.228093014856412e-40,1.0,0.0,27.671701431274414,0
246.7,4.229808204176746e-40,1.0,0.0,27.670249938964844,0
246.8,4.231472946752364e-40,1.0,0.0,27.668846130371094,0
246.9,4.2331881360726975e-40,1.0,0.0,27.66738510131836,0
247.0,4.234852878648315e-40,1.0,0.0,27.665971755981445,0
247.1,4.236568067968649e-40,1.0,0.0,27.664514541625977,0
247.2,4.238232810544267e-40,1.0,0.0,27.663095474243164,0
247.3,4.2399479998646e-40,1.0,0.0,27.6616268157959,0
247.4,4.2416127424402185e-40,1.0,0.0,27.660194396972656,0
247.5,4.2433279317605516e-40,1.0,0.0,27.658721923828125,0
247.6,4.2450431210808855e-40,1.0,0.0,27.657251358032227,0
247.7,4.246707863656503e-40,1.0,0.0,27.655805587768555,0
247.8,4.248423052976837e-40,1.0,0.0,27.654329299926758,0
247.9,4.250087795552455e-40,1.0,0.0,27.65288734436035,0
248.0,4.251802984872788e-40,1.0,0.0,27.651399612426758,0
248.1,4.2534677274484064e-40,1.0,0.0,27.64995574951172,0
248.2,4.2551829167687395e-40,1.0,0.0,27.64844512939453,0
248.31,4.256847659344357e-40,1.0,0.0,27.646997451782227,0
248.41,4.258562848664691e-40,1.0,0.0,27.645496368408203,0
248.51,4.260227591240309e-40,1.0,0.0,27.644039154052734,0
248.61,4.261942780560643e-40,1.0,0.0,27.642541885375977,0
248.71,4.2636075231362605e-40,1.0,0.0,27.641067504882812,0
248.81,4.265322712456594e-40,1.0,0.0,27.63955307006836,0
248.91,4.266987455032212e-40,1.0,0.0,27.63808822631836,0
249.01,4.268702644352545e-40,1.0,0.0,27.636554718017578,0
249.11,4.270417833672879e-40,1.0,0.0,27.63504409790039,0
249.21,4.272082576248497e-40,1.0,0.0,27.633563995361328,0
249.31,4.273797765568831e-40,1.0,0.0,27.632034301757812,0
249.41,4.2754625081444484e-40,1.0,0.0,27.63055992126465,0
249.51,4.277177697464782e-40,1.0,0.0,27.629032135009766,0
249.61,4.2788424400404e-40,1.0,0.0,27.627538681030273,0
249.71,4.280557629360733e-40,1.0,0.0,27.62600326538086,0
249.81,4.282222371936352e-40,1.0,0.0,27.624513626098633,0
249.91,4.283937561256685e-40,1.0,0.0,27.62298011779785,0
250.02,4.2856023038323025e-40,1.0,0.0,27.621488571166992,0
250.12,4.287317493152636e-40,1.0,0.0,27.619937896728516,0
250.22,4.288982235728254e-40,1.0,0.0,27.618440628051758,0
250.32,4.290646978303872e-40,1.0,0.0,27.616941452026367,0
250.42,4.292362167624206e-40,1.0,0.0,27.615373611450195,0
250.52,4.29407735694454e-40,1.0,0.0,27.61381721496582,0
250.62,4.295742099520157e-40,1.0,0.0,27.61231231689453,0
250.72,4.2974572888404904e-40,1.0,0.0,27.61075782775879,0
250.82,4.299122031416109e-40,1.0,0.0,27.609241485595703,0
250.92,4.300837220736442e-40,1.0,0.0,27.607677459716797,0
251.02,4.30250196331206e-40,1.0,0.0,27.606163024902344,0
251.12,4.304217152632394e-40,1.0,0.0,27.60457992553711,0
251.22,4.305881895208011e-40,1.0,0.0,27.603059768676758,0
251.32,4.307597084528345e-40,1.0,0.0,27.60149383544922,0
251.42,4.309261827103963e-40,1.0,0.0029292625840753317,27.599966049194336,0
251.52,4.310977016424297e-40,0.7497999668121338,0.2923555374145508,27.59847068786621,0
251.62,4.312641758999915e-40,0.020500004291534424,0.7074272632598877,27.597702026367188,0
251.72,4.314356948320248e-40,0.0,0.8456935882568359,27.597700119018555,0
251.82,4.316021690895866e-40,0.0,0.9027119278907776,27.597700119018555,0
251.92,4.317736880216199e-40,0.0,0.9061070084571838,27.597700119018555,0
252.03,4.319401622791817e-40,0.0,0.8970699906349182,27.597700119018555,0
252.13,4.321116812112151e-40,0.0,0.8801564574241638,27.597700119018555,0
252.23,4.322781554687769e-40,0.0,0.8350681662559509,27.597700119018555,0
252.33,4.324496744008103e-40,0.0,0.7914616465568542,27.597700119018555,0
252.43,4.326111039839005e-40,0.0,0.7433452606201172,27.597700119018555,0
252.53,4.327977569393485e-40,0.0,0.6621168851852417,27.597700119018555,0
252.63,4.3296423119691035e-40,0.0,0.608798623085022,27.597700119018555,0
252.73,4.3313575012894366e-40,0.0,0.5568780899047852,27.597700119018555,0
252.84,4.333022243865054e-40,0.0,0.5214815735816956,27.597700119018555,0
252.94,4.334737433185388e-40,0.0,0.4905165731906891,27.597700119018555,0
253.04,4.336402175761006e-40,0.0,0.46355822682380676,27.597700119018555,0
253.14,4.33811736508134e-40,0.0,0.4572232663631439,27.597700119018555,0
253.24,4.3397821076569575e-40,0.0,0.4384482800960541,27.597700119018555,0
253.34,4.3414972969772914e-40,0.0,0.4182521402835846,27.597700119018555,0
253.44,4.343162039552909e-40,0.0,0.39706721901893616,27.597700119018555,0
253.54,4.344877228873242e-40,0.0,0.31486132740974426,27.597700119018555,0
253.64,4.346541971448861e-40,0.15130001306533813,0.12632536888122559,27.59751319885254,0
253.74,4.348257160769194e-40,0.2738000154495239,0.0005474539939314127,27.59715461730957,0
253.84,4.3499219033448116e-40,0.37529999017715454,0.0,27.596601486206055,0
253.94,4.35158664592043e-40,0.4327000081539154,0.0,27.59591293334961,0
254.04,4.353301835240763e-40,0.43255001306533813,0.0,27.595170974731445,0
254.14,4.354966577816381e-40,0.41750001907348633,0.0,27.594457626342773,0
254.24,4.356681767136715e-40,0.34804999828338623,0.0,27.593767166137695,0
254.34,4.3583465097123326e-40,0.3147500157356262,0.0,27.593183517456055,0
254.44,4.3600616990326665e-40,0.3405500054359436,0.0,27.592575073242188,0
254.54,4.3617768883529995e-40,0.3705500066280365,0.0,27.5919246673584,0
254.64,4.363441630928618e-40,0.5363500118255615,0.0,27.591205596923828,0
254.74,4.365156820248951e-40,0.9250500202178955,0.0,27.590198516845703,0
254.84,4.366821562824569e-40,1.0,0.0,27.58892250061035,0
254.95,4.368536752144903e-40,1.0,0.0,27.58758544921875,0
255.05,4.3702014947205205e-40,1.0,0.0,27.586284637451172,0
255.15,4.371916684040854e-40,1.0,0.0,27.58493423461914,0
255.25,4.373581426616472e-40,1.0,0.0,27.5836181640625,0
255.35,4.375296615936806e-40,1.0,0.0,27.582252502441406,0
255.45,4.376961358512424e-40,1.0,0.0,27.580915451049805,0
255.55,4.378676547832757e-40,1.0,0.0,27.57952117919922,0
255.65,4.380341290408375e-40,1.0,0.0,27.57815170288086,0
255.75,4.3820564797287085e-40,1.0,0.0,27.57672691345215,0
255.85,4.383771669049042e-40,1.0,0.0,27.57529067993164,0
255.95,4.38543641162466e-40,1.0,0.0,27.57387924194336,0
256.05,4.387151600944994e-40,1.0,0.0,27.572418212890625,0
256.15,4.388816343520612e-40,1.0,0.0,27.570985794067383,0
256.25,4.390531532840945e-40,1.0,0.0,27.569501876831055,0
256.35,4.392196275416563e-40,1.0,0.0,27.56805992126465,0
256.45,4.393911464736896e-40,1.0,0.0,27.566560745239258,0
256.56,4.395576207312514e-40,1.0,0.0,27.565086364746094,0
256.66,4.397291396632848e-40,1.0,0.0,27.563566207885742,0
256.76,4.398956139208466e-40,1.0,0.0,27.562074661254883,0
256.86,4.4006713285288e-40,1.0,0.0,27.560529708862305,0
256.96,4.402336071104417e-40,0.9731999635696411,0.0,27.55902099609375,0
257.06,4.404051260424751e-40,0.9645999670028687,0.0,27.55750274658203,0
257.16,4.405716003000369e-40,0.9730499982833862,0.0,27.55602264404297,0
257.26,4.407431192320702e-40,0.9912999868392944,0.0,27.55445671081543,0
257.36,4.409095934896321e-40,0.9978500008583069,0.0,27.55290412902832,0
257.46,4.410811124216654e-40,1.0,0.0,27.551298141479492,0
257.56,4.412526313536988e-40,1.0,0.0,27.54967498779297,0
257.66,4.414191056112605e-40,1.0,0.0,27.548099517822266,0
257.76,4.415855798688223e-40,1.0,0.0,27.5465145111084,0
257.86,4.417570988008557e-40,1.0,0.0,27.544872283935547,0
257.96,4.419235730584175e-40,1.0,0.0,27.543270111083984,0
258.06,4.4209509199045086e-40,1.0,0.0,27.54161262512207,0
258.16,4.422615662480126e-40,1.0,0.0,27.539997100830078,0
258.26,4.424330851800459e-40,1.0,0.0,27.538328170776367,0
258.37,4.425995594376078e-40,1.0,0.0,27.536699295043945,0
258.47,4.427710783696411e-40,1.0,0.0,27.535022735595703,0
258.57,4.429375526272029e-40,1.0,0.0,27.533390045166016,0
258.67,4.431090715592363e-40,1.0,0.0,27.53169822692871,0
258.77,4.4328059049126965e-40,1.0,0.0,27.53000259399414,0
258.87,4.434470647488314e-40,1.0,0.0,27.528352737426758,0
258.97,4.436185836808647e-40,1.0,0.0,27.526649475097656,0
259.07,4.437850579384266e-40,1.0,0.0,27.524991989135742,0
259.17,4.439565768704599e-40,1.0,0.0,27.523273468017578,0
259.27,4.441230511280217e-40,1.0,0.0,27.5216007232666,0
259.37,4.442895253855835e-40,1.0,0.0,27.519914627075195,0
259.47,4.444610443176168e-40,1.0,0.0,27.518171310424805,0
259.57,4.446325632496502e-40,1.0,0.0,27.516414642333984,0
259.67,4.44799037507212e-40,1.0,0.0,27.514705657958984,0
259.77,4.449705564392454e-40,1.0,0.0,27.512928009033203,0
259.87,4.4513703069680715e-40,1.0,0.0,27.511198043823242,0
259.97,4.453085496288405e-40,1.0,0.0,27.50940704345703,0
260.07,4.454750238864023e-40,1.0,0.0,27.507658004760742,0
260.17,4.456465428184356e-40,0.7261499762535095,0.05730738118290901,27.50596809387207,0
260.28,4.458130170759974e-40,0.04020002484321594,0.3051653504371643,27.50509262084961,0
260.38,4.459845360080308e-40,0.0,0.4282808303833008,27.505081176757812,0
260.48,4.4615101026559256e-40,0.0,0.46793824434280396,27.505081176757812,0
260.58,4.4632252919762595e-40,0.0,0.473117470741272,27.505081176757812,0
260.68,4.464890034551877e-40,0.0,0.47226482629776,27.505081176757812,0
260.78,4.466605223872211e-40,0.0,0.4414214789867401,27.505081176757812,0
260.88,4.468269966447829e-40,0.0,0.3649523854255676,27.505081176757812,0
260.98,4.469985155768162e-40,0.027050018310546875,0.2610096335411072,27.505069732666016,0
261.08,4.4716498983437804e-40,0.044950008392333984,0.1940435767173767,27.504911422729492,0
261.18,4.47341553440883e-40,0.04210001230239868,0.19441266357898712,27.504716873168945,0
261.28,4.4750802769844474e-40,0.03085002303123474,0.19441266357898712,27.504573822021484,0
261.38,4.476644126070634e-40,0.03345000743865967,0.1945050060749054,27.50446319580078,0
261.48,4.478460208880399e-40,0.04875001311302185,0.19459733366966248,27.504295349121094,0
261.58,4.480175398200732e-40,0.09655001759529114,0.11592534184455872,27.504037857055664,0
261.69,4.48184014077635e-40,0.2248000204563141,0.004014595877379179,27.503623962402344,0
261.79,4.483555330096684e-40,0.31870001554489136,0.0,27.50307846069336,0
261.89,4.4852200726723015e-40,0.4108999967575073,0.0,27.50242805480957,0
261.99,4.486884815247919e-40,0.48445001244544983,0.0,27.501670837402344,0
262.09,4.488600004568253e-40,0.4814999997615814,0.0,27.50083351135254,0
262.19,4.490264747143871e-40,0.3950999975204468,0.0,27.500076293945312,0
262.29,4.491979936464205e-40,0.2678999900817871,0.0,27.49944305419922,0
262.39,4.493695125784538e-40,0.148250013589859,0.0,27.498973846435547,0
262.49,4.495359868360156e-40,0.09104999899864197,0.0,27.498598098754883,0
262.59,4.497024610935774e-40,0.09479999542236328,0.0,27.49825668334961,0
262.69,4.498739800256107e-40,0.10455000400543213,0.0,27.497882843017578,0
262.79,4.500454989576441e-40,0.11380001902580261,0.0,27.497499465942383,0
262.89,4.502119732152059e-40,0.14024999737739563,0.0,27.497121810913086,0
262.99,4.503834921472393e-40,0.16390001773834229,0.0,27.49671745300293,0
263.09,4.50549966404801e-40,0.15520000457763672,0.0,27.49632453918457,0
263.19,4.507214853368344e-40,0.1615000069141388,0.0,27.495925903320312,0
263.29,4.508879595943962e-40,0.16085001826286316,0.0,27.49553680419922,0
263.39,4.510594785264295e-40,0.14945000410079956,0.0,27.495141983032227,0
263.49,4.512259527839914e-40,0.1303500235080719,0.0,27.494768142700195,0
263.6,4.513974717160247e-40,0.13109999895095825,0.0,27.49439811706543,0
263.7,4.5156394597358645e-40,0.2903500199317932,0.0,27.494001388549805,0
263.8,4.517354649056198e-40,0.6774500012397766,0.0,27.493267059326172,0
263.9,4.519019391631816e-40,0.7856999635696411,0.0,27.492340087890625,0
264.0,4.52073458095215e-40,0.8908499479293823,0.0,27.491317749023438,0
264.1,4.522399323527768e-40,1.0,0.0,27.49016761779785,0
264.2,4.524114512848102e-40,1.0,0.0,27.488916397094727,0
264.3,4.525779255423719e-40,1.0,0.0,27.487689971923828,0
264.4,4.527494444744052e-40,1.0,0.0,27.486421585083008,0
264.5,4.529159187319671e-40,1.0,0.0,27.485183715820312,0
264.6,4.530874376640004e-40,1.0,0.0,27.484113693237305,0
264.7,4.532539119215622e-40,1.0,0.0,27.483163833618164,0
264.8,4.534254308535956e-40,1.0,0.0,27.482322692871094,0
264.9,4.535919051111573e-40,1.0,0.0,27.481372833251953,0
265.0,4.537634240431907e-40,0.5964999794960022,0.0,27.48050308227539,0
265.1,4.539298983007525e-40,0.04375001788139343,0.0,27.479961395263672,0
265.2,4.541014172327859e-40,0.0,0.0,27.479944229125977,0
265.3,4.542678914903477e-40,0.0,0.0,27.479944229125977,0
265.4,4.54439410422381e-40,0.0,0.0,27.479944229125977,0
265.5,4.546058846799428e-40,0.0,0.0,27.479944229125977,0
265.6,4.547774036119761e-40,0.0,0.0,27.479944229125977,0
265.71,4.549438778695379e-40,0.08795002102851868,0.0,27.479833602905273,0
265.81,4.551153968015713e-40,0.1420000195503235,0.0,27.479480743408203,0
265.91,4.552818710591331e-40,0.13934999704360962,0.0,27.479127883911133,0
266.01,4.5545338999116646e-40,0.2505500018596649,0.0,27.478750228881836,0
266.11,4.556198642487282e-40,0.5031499862670898,0.0,27.478179931640625,0
266.21,4.557913831807616e-40,0.5361000299453735,0.0,27.477399826049805,0
266.31,4.559578574383234e-40,0.23350000381469727,0.0,27.47678565979004,0
266.41,4.561293763703567e-40,0.022000014781951904,0.0,27.47650146484375,0
266.51,4.5629585062791855e-40,0.0,0.0,27.476499557495117,0
266.61,4.564673695599519e-40,0.0,0.0,27.476499557495117,0
266.71,4.566338438175136e-40,0.050900012254714966,0.0,27.47648048400879,0
266.81,4.56805362749547e-40,0.4719499945640564,0.0,27.47605323791504,0
266.91,4.569718370071088e-40,0.8029500246047974,0.0,27.475265502929688,0
267.01,4.571433559391422e-40,1.0,0.0,27.47421646118164,0
267.11,4.5730983019670396e-40,1.0,0.0,27.47309684753418,0
267.21,4.5748134912873735e-40,1.0,0.0,27.471935272216797,0
267.31,4.576478233862991e-40,1.0,0.0,27.470802307128906,0
267.41,4.578193423183324e-40,1.0,0.0,27.469623565673828,0
267.51,4.579858165758943e-40,1.0,0.0,27.468477249145508,0
267.61,4.581573355079276e-40,1.0,0.0,27.4672908782959,0
267.72,4.583238097654894e-40,1.0,0.0,27.466129302978516,0
267.82,4.5849532869752275e-40,1.0,0.0,27.464927673339844,0
267.92,4.586618029550845e-40,1.0,0.0,27.46404266357422,0
268.02,4.588333218871179e-40,1.0,0.0,27.46299171447754,0
268.12,4.589997961446797e-40,1.0,0.0,27.46181869506836,0
268.22,4.591713150767131e-40,1.0,0.0,27.460826873779297,0
268.32,4.5933778933427485e-40,1.0,0.0,27.459646224975586,0
268.42,4.595042635918366e-40,1.0,0.0,27.458606719970703,0
268.52,4.5967578252387e-40,1.0,0.0,27.457530975341797,0
268.62,4.598473014559033e-40,1.0,0.0,27.45638084411621,0
268.72,4.600137757134651e-40,1.0,0.0,27.45518684387207,0
268.82,4.601701606220838e-40,1.0,0.0,27.454133987426758,0
268.92,4.6035176890306025e-40,0.9529999494552612,0.001492752693593502,27.452817916870117,0
269.02,4.6052328783509364e-40,0.2782500088214874,0.06948699802160263,27.45193099975586,0
269.12,4.606897620926554e-40,0.0,0.16298489272594452,27.45175552368164,0
269.22,4.608612810246888e-40,0.0,0.29159480333328247,27.45175552368164,0
269.32,4.610277552822506e-40,0.0,0.36883020401000977,27.45175552368164,0
269.42,4.611992742142839e-40,0.0,0.36282309889793396,27.45175552368164,0
269.53,4.613707931463173e-40,0.0,0.2814089059829712,27.45175552368164,0
269.63,4.6153726740387905e-40,0.0,0.06132534518837929,27.45175552368164,0
269.73,4.617087863359124e-40,0.03675001859664917,0.0,27.45173454284668,0
269.83,4.618752605934742e-40,0.10580000281333923,0.0,27.451536178588867,0
269.93,4.620467795255076e-40,0.1660500168800354,0.0,27.45121955871582,0
270.03,4.622132537830694e-40,0.234250009059906,0.0,27.450822830200195,0
270.13,4.623847727151027e-40,0.1712000072002411,0.0,27.4503231048584,0
270.23,4.625512469726645e-40,0.09165000915527344,0.0,27.449901580810547,0
270.33,4.6272276590469784e-40,0.13065001368522644,0.0,27.449499130249023,0
270.43,4.628892401622596e-40,0.28540000319480896,0.0,27.449005126953125,0
270.53,4.63060759094293e-40,0.31599998474121094,0.0,27.448352813720703,0
270.63,4.632272333518548e-40,0.29980000853538513,0.0,27.447723388671875,0
270.73,4.633987522838882e-40,0.27595001459121704,0.0,27.44710350036621,0
270.83,4.6356522654144994e-40,0.26125001907348633,0.0,27.446529388427734,0
270.93,4.637367454734833e-40,0.25550001859664917,0.0,27.445951461791992,0
271.03,4.639032197310451e-40,0.23510000109672546,0.0,27.445411682128906,0
271.13,4.640747386630784e-40,0.21705001592636108,0.0,27.444889068603516,0
271.23,4.642412129206403e-40,0.22574999928474426,0.0,27.444398880004883,0
271.33,4.644127318526736e-40,0.29670000076293945,0.0,27.4438533782959,0
271.43,4.6457920611023535e-40,0.46525001525878906,0.0,27.443151473999023,0
271.54,4.647456803677972e-40,0.5969499945640564,0.0,27.4422550201416,0
271.64,4.649171992998305e-40,0.7318500280380249,0.0,27.441232681274414,0
271.74,4.650836735573923e-40,0.9009000062942505,0.0,27.440082550048828,0
271.84,4.652551924894257e-40,1.0,0.0,27.43866539001465,0
271.94,4.654267114214591e-40,1.0,0.0,27.437162399291992,0
272.04,4.655931856790208e-40,1.0,0.0,27.435680389404297,0
272.14,4.6576470461105414e-40,0.9615499973297119,0.0,27.434144973754883,0
272.24,4.65931178868616e-40,0.7818000316619873,0.0,27.432823181152344,0
272.34,4.661026978006493e-40,0.7617000341415405,0.0,27.431596755981445,0
272.44,4.662691720582111e-40,0.779699981212616,0.0,27.430376052856445,0
272.54,4.664356463157729e-40,0.8065999746322632,0.0,27.429107666015625,0
272.64,4.666071652478062e-40,0.8034499883651733,0.0,27.427764892578125,0
272.74,4.667786841798396e-40,0.7968499660491943,0.0,27.426416397094727,0
272.84,4.669451584374014e-40,0.7853000164031982,0.0,27.425098419189453,0
272.94,4.671166773694348e-40,0.7899500131607056,0.0,27.423738479614258,0
273.04,4.672881963014681e-40,0.8654999732971191,0.0,27.422319412231445,0
273.15,4.674546705590299e-40,1.0,0.0,27.420740127563477,0
273.25,4.676261894910633e-40,1.0,0.0,27.418977737426758,0
273.35,4.67792663748625e-40,1.0,0.0,27.417251586914062,0
273.45,4.679641826806584e-40,1.0,0.0,27.415451049804688,0
273.55,4.681306569382202e-40,1.0,0.0,27.4136962890625,0
273.65,4.683021758702536e-40,1.0,0.0,27.41191291809082,0
273.75,4.6846865012781536e-40,1.0,0.0,27.41131591796875,0
273.85,4.686401690598487e-40,1.0,0.0,27.410606384277344,0
273.95,4.6881168799188206e-40,1.0,0.0,27.40996551513672,0
274.05,4.689781622494438e-40,1.0,0.0,27.409210205078125,0
274.15,4.691496811814772e-40,1.0,0.0,27.407939910888672,0
274.25,4.69316155439039e-40,1.0,0.0,27.406721115112305,0
274.35,4.694876743710724e-40,1.0,0.0,27.405424118041992,0
274.45,4.6965414862863415e-40,1.0,0.0,27.404373168945312,0
274.55,4.698256675606675e-40,1.0,0.0,27.40308952331543,0
274.65,4.699921418182293e-40,1.0,0.0,27.40200424194336,0
274.75,4.701636607502626e-40,1.0,0.0,27.401185989379883,0
274.86,4.703301350078244e-40,1.0,0.0,27.400236129760742,0
274.96,4.705016539398578e-40,1.0,0.0,27.39892578125,0
275.06,4.7066812819741956e-40,1.0,0.0,27.39842414855957,0
275.16,4.708346024549813e-40,1.0,0.0,27.39754867553711,0
275.26,4.710061213870147e-40,1.0,0.0,27.396480560302734,0
275.36,4.711725956445765e-40,1.0,0.0,27.395606994628906,0
275.46,4.713441145766099e-40,1.0,0.0,27.39453887939453,0
275.56,4.7151058883417165e-40,1.0,0.0,27.39342498779297,0
275.66,4.7168210776620504e-40,1.0,0.0,27.392101287841797,0
275.76,4.718485820237668e-40,1.0,0.0,27.390825271606445,0
275.86,4.720201009558001e-40,1.0,0.0,27.389535903930664,0
275.96,4.72186575213362e-40,1.0,0.0,27.388277053833008,0
276.06,4.723580941453953e-40,1.0,0.0,27.3869686126709,0
276.16,4.7252456840295706e-40,1.0,0.0,27.385677337646484,0
276.26,4.7269608733499045e-40,1.0,0.0,27.38433837890625,0
276.36,4.728676062670238e-40,1.0,0.0,27.38298225402832,0
276.46,4.730340805245856e-40,1.0,0.0,27.38165283203125,0
276.56,4.732005547821474e-40,1.0,0.0,27.380308151245117,0
276.66,4.733720737141808e-40,1.0,0.0,27.378908157348633,0
276.76,4.735435926462141e-40,1.0,0.0,27.377492904663086,0
276.87,4.7371006690377585e-40,1.0,0.0,27.3761043548584,0
276.97,4.7388158583580924e-40,1.0,0.0,27.374662399291992,0
277.07,4.74048060093371e-40,1.0,0.0,27.373247146606445,0
277.17,4.742195790254044e-40,1.0,0.0,27.371774673461914,0
277.27,4.743860532829662e-40,1.0,0.0,27.370330810546875,0
277.37,4.745575722149996e-40,1.0,0.0,27.368831634521484,0
277.47,4.7472404647256134e-40,1.0,0.0,27.367361068725586,0
277.57,4.7489556540459465e-40,1.0,0.0,27.365833282470703,0
277.67,4.75067084336628e-40,1.0,0.0,27.364288330078125,0
277.77,4.752335585941898e-40,1.0,0.0,27.362781524658203,0
277.87,4.754050775262232e-40,1.0,0.0,27.361209869384766,0
277.97,4.75571551783785e-40,1.0,0.0,27.35967445373535,0
278.07,4.757430707158184e-40,1.0,0.0,27.358078002929688,0
278.17,4.759095449733801e-40,1.0,0.0,27.356508255004883,0
278.27,4.7608106390541344e-40,1.0,0.0,27.354887008666992,0
278.37,4.762475381629753e-40,1.0,0.0,27.353300094604492,0
278.47,4.764190570950086e-40,1.0,0.0,27.35165023803711,0
278.57,4.765855313525704e-40,1.0,0.0,27.350034713745117,0
278.68,4.767570502846038e-40,1.0,0.0,27.348358154296875,0
278.78,4.7692352454216554e-40,1.0,0.0,27.346723556518555,0
278.88,4.770899987997273e-40,1.0,0.0,27.345075607299805,0
278.98,4.772615177317607e-40,1.0,0.0,27.343360900878906,0
279.08,4.774279919893225e-40,1.0,0.0,27.341691970825195,0
279.18,4.775995109213559e-40,1.0,0.0,27.33995819091797,0
279.28,4.777659851789176e-40,1.0,0.0,27.33826446533203,0
279.38,4.77937504110951e-40,1.0,0.0,27.336511611938477,0
279.48,4.781039783685128e-40,1.0,0.0,27.334794998168945,0
279.58,4.782754973005461e-40,1.0,0.0,27.333019256591797,0
279.68,4.78441971558108e-40,1.0,0.0,27.331287384033203,0
279.78,4.786134904901413e-40,1.0,0.0,27.329490661621094,0
279.88,4.7877996474770304e-40,1.0,0.0,27.32773780822754,0
279.98,4.789514836797364e-40,1.0,0.0,27.3259220123291,0
280.08,4.791179579372982e-40,1.0,0.0,27.324155807495117,0
280.18,4.792894768693316e-40,1.0,0.0,27.322322845458984,0
280.28,4.794609958013649e-40,1.0,0.0,27.321073532104492,0
280.38,4.7962747005892676e-40,1.0,0.0,27.320476531982422,0
280.48,4.797939443164885e-40,1.0,0.0,27.319875717163086,0
280.58,4.799654632485218e-40,1.0,0.0,27.318584442138672,0
280.69,4.801369821805552e-40,1.0,0.0,27.317136764526367,0
280.79,4.80303456438117e-40,1.0,0.0,27.315725326538086,0
280.89,4.804749753701504e-40,1.0,0.0,27.314268112182617,0
280.99,4.806414496277122e-40,1.0,0.0,27.31283950805664,0
281.09,4.8081296855974555e-40,1.0,0.0,27.31135368347168,0
281.19,4.809794428173073e-40,1.0,0.0,27.309917449951172,0
281.29,4.811509617493406e-40,1.0,0.0,27.308427810668945,0
281.39,4.813174360069025e-40,1.0,0.0,27.306970596313477,0
281.49,4.814889549389358e-40,1.0,0.0,27.30546760559082,0
281.59,4.816554291964976e-40,1.0,0.0,27.303998947143555,0
281.69,4.8182694812853096e-40,1.0,0.0,27.302480697631836,0
281.79,4.819934223860927e-40,1.0,0.0,27.30099868774414,0
281.89,4.821649413181261e-40,1.0,0.0,27.299463272094727,0
281.99,4.823314155756879e-40,1.0,0.0,27.297971725463867,0
282.09,4.825029345077213e-40,1.0,0.0,27.29642105102539,0
282.19,4.8266940876528305e-40,1.0,0.0,27.29489517211914,0
282.29,4.828409276973164e-40,1.0,0.0,27.293338775634766,0
282.39,4.830074019548782e-40,1.0,0.0,27.291820526123047,0
282.5,4.831637868634968e-40,1.0,0.0,27.29038429260254,0
282.6,4.833453951444733e-40,1.0,0.0,27.28870964050293,0
282.7,4.835169140765067e-40,1.0,0.0,27.28712272644043,0
282.8,4.8368338833406846e-40,1.0,0.0,27.28557586669922,0
282.9,4.8385490726610185e-40,1.0,0.0,27.283971786499023,0
283.0,4.840213815236636e-40,1.0,0.0,27.28241539001465,0
283.1,4.84192900455697e-40,1.0,0.0,27.280799865722656,0
283.2,4.843593747132588e-40,1.0,0.0,27.279226303100586,0
283.3,4.845308936452921e-40,1.0,0.0,27.27760124206543,0
283.4,4.8469736790285395e-40,1.0,0.0,27.27601432800293,0
283.5,4.8486888683488725e-40,1.0,0.0,27.274375915527344,0
283.6,4.85035361092449e-40,1.0,0.0,27.272777557373047,0
283.7,4.852068800244824e-40,1.0,0.0,27.271116256713867,0
283.8,4.853733542820442e-40,1.0,0.0,27.269515991210938,0
283.9,4.855448732140776e-40,1.0,0.0,27.267841339111328,0
284.0,4.8571134747163935e-40,1.0,0.0,27.26621437072754,0
284.1,4.858828664036727e-40,1.0,0.0,27.264543533325195,0
284.2,4.8605438533570605e-40,1.0,0.0,27.26285171508789,0
284.3,4.862208595932678e-40,1.0,0.0,27.26120948791504,0
284.41,4.863873338508297e-40,1.0,0.0,27.259571075439453,0
284.51,4.86558852782863e-40,1.0,0.0,27.25786590576172,0
284.61,4.8672532704042476e-40,1.0,0.0,27.25621223449707,0
284.71,4.8689684597245815e-40,1.0,0.0,27.254507064819336,0
284.81,4.870633202300199e-40,1.0,0.0,27.25282859802246,0
284.91,4.872348391620533e-40,1.0,0.0,27.251110076904297,0
285.01,4.874013134196151e-40,1.0,0.0003074260021094233,27.249439239501953,0
285.11,4.875728323516485e-40,0.998199999332428,0.03033038228750229,27.247711181640625,0
285.21,4.8773930660921024e-40,0.49665001034736633,0.16356858611106873,27.246320724487305,0
285.31,4.8791082554124355e-40,0.0,0.4056625962257385,27.245786666870117,0
285.41,4.880772997988054e-40,0.0,0.648052990436554,27.245786666870117,0
285.51,4.882488187308387e-40,0.0,0.6886489987373352,27.245786666870117,0
285.61,4.884152929884005e-40,0.0,0.6851787567138672,27.245786666870117,0
285.71,4.885868119204339e-40,0.0,0.6637219190597534,27.245786666870117,0
285.81,4.8875328617799565e-40,0.0,0.5974515080451965,27.245786666870117,0
285.91,4.88924805110029e-40,0.0,0.553642749786377,27.245786666870117,0
286.01,4.890912793675908e-40,0.0,0.5497409105300903,27.245786666870117,0
286.11,4.892627982996242e-40,0.0,0.5379648208618164,27.245786666870117,0
286.21,4.89429272557186e-40,0.0,0.533379316329956,27.245786666870117,0
286.31,4.896007914892193e-40,0.0,0.5156728029251099,27.245786666870117,0
286.41,4.897672657467811e-40,0.0,0.48365429043769836,27.245786666870117,0
286.51,4.8993878467881444e-40,0.0,0.46978968381881714,27.245786666870117,0
286.62,4.901052589363762e-40,0.0,0.4507128596305847,27.245786666870117,0
286.72,4.902767778684096e-40,0.0,0.40985795855522156,27.245786666870117,0
286.82,4.904432521259714e-40,0.0,0.37897011637687683,27.245786666870117,0
286.92,4.906147710580048e-40,0.0,0.3507206439971924,27.245786666870117,0
287.02,4.907812453155665e-40,0.0,0.3219397962093353,27.245786666870117,0
287.12,4.909527642475999e-40,0.0,0.26084524393081665,27.245786666870117,0
287.22,4.911192385051617e-40,0.09515002369880676,0.0804387703537941,27.245601654052734,0
287.32,4.91290757437195e-40,0.3180500268936157,0.0,27.245187759399414,0
287.42,4.914572316947569e-40,0.5006999969482422,0.0,27.244504928588867,0
287.52,4.916287506267902e-40,0.49219998717308044,0.0,27.24370002746582,0
287.62,4.918002695588236e-40,0.4650999903678894,0.0,27.242826461791992,0
287.72,4.919667438163853e-40,0.45899999141693115,0.0,27.241901397705078,0
287.82,4.921382627484187e-40,0.430649995803833,0.0,27.240882873535156,0
287.92,4.923047370059805e-40,0.24195000529289246,0.0,27.240032196044922,0
288.02,4.924762559380138e-40,0.0,0.0,27.239727020263672,0
288.12,4.9264273019557566e-40,0.0,0.0,27.239727020263672,0
288.23,4.92814249127609e-40,0.0,0.0,27.239727020263672,0
288.33,4.929807233851707e-40,0.0,0.0,27.239727020263672,0
288.43,4.931522423172041e-40,0.0,0.0,27.239727020263672,0
288.53,4.933187165747659e-40,0.0,0.0,27.239727020263672,0
288.63,4.934902355067993e-40,0.0,0.0,27.239727020263672,0
288.73,4.936617544388326e-40,0.0,0.0,27.239727020263672,0
288.83,4.9382822869639445e-40,0.12060001492500305,0.0,27.239625930786133,0
288.93,4.939997476284278e-40,0.45295000076293945,0.0,27.238964080810547,0
289.03,4.941662218859895e-40,0.5814499855041504,0.0,27.237979888916016,0
289.13,4.943377408180229e-40,0.5703999996185303,0.0,27.236913681030273,0
289.23,4.945042150755847e-40,0.5407999753952026,0.0,27.235898971557617,0
289.33,4.946757340076181e-40,0.5136500000953674,0.0,27.23487663269043,0
289.43,4.9484220826517986e-40,0.4977000057697296,0.0,27.233896255493164,0
289.53,4.950086825227416e-40,0.4840500056743622,0.0,27.232938766479492,0
289.63,4.95180201454775e-40,0.4747999906539917,0.0,27.231966018676758,0
289.73,4.953517203868083e-40,0.46775001287460327,0.0,27.23100471496582,0
289.83,4.955181946443702e-40,0.47920000553131104,0.0,27.230064392089844,0
289.93,4.9568466890193195e-40,0.5037000179290771,0.0,27.229093551635742,0
290.03,4.958561878339653e-40,0.5055999755859375,0.0,27.228069305419922,0
290.14,4.960226620915271e-40,0.5089499950408936,0.0,27.22707176208496,0
290.24,4.961941810235604e-40,0.5226500034332275,0.0,27.22602653503418,0
290.34,4.963606552811222e-40,0.5353999733924866,0.0,27.225004196166992,0
290.44,4.965321742131556e-40,0.5546000003814697,0.0,27.223934173583984,0
290.54,4.96703693145189e-40,0.6649999618530273,0.0,27.222806930541992,0
290.64,4.9687016740275075e-40,0.711650013923645,0.0,27.221641540527344,0
290.74,4.9704168633478406e-40,0.725849986076355,0.0,27.22039794921875,0
290.84,4.972081605923459e-40,0.742900013923645,0.0,27.21917152404785,0
290.94,4.973796795243792e-40,0.781499981880188,0.0,27.217866897583008,0
291.04,4.97546153781941e-40,0.8291000127792358,0.0,27.216533660888672,0
291.14,4.977176727139744e-40,0.8658999800682068,0.0,27.215091705322266,0
291.24,4.9788414697153615e-40,0.9048500061035156,0.0,27.213626861572266,0
291.34,4.9805566590356955e-40,0.9579999446868896,0.0,27.212032318115234,0
291.44,4.982221401611313e-40,1.0,0.0,27.21062469482422,0
291.54,4.983936590931647e-40,1.0,0.0,27.209144592285156,0
291.64,4.985601333507265e-40,1.0,0.0,27.207550048828125,0
291.74,4.987316522827598e-40,1.0,0.0,27.206098556518555,0
291.85,4.9889812654032164e-40,1.0,0.0,27.20437240600586,0
291.95,4.9905451144894026e-40,1.0,0.0,27.202743530273438,0
292.05,4.992411644043883e-40,1.0,0.0,27.2008113861084,0
292.15,4.994076386619501e-40,1.0,0.0,27.199077606201172,0
292.25,4.995791575939835e-40,1.0,0.0,27.197269439697266,0
292.35,4.997456318515453e-40,1.0,0.0,27.195497512817383,0
292.45,4.999171507835786e-40,1.0,0.0,27.193645477294922,0
292.55,5.000836250411404e-40,1.0,0.0,27.192325592041016,0
292.65,5.0025514397317375e-40,1.0,0.0,27.191184997558594,0
292.75,5.004216182307355e-40,1.0,0.0,27.189987182617188,0
292.85,5.005931371627689e-40,1.0,0.0,27.189058303833008,0
292.95,5.007596114203307e-40,1.0,0.0,27.188241958618164,0
293.05,5.009311303523641e-40,1.0,0.0,27.18780517578125,0
293.15,5.0109760460992584e-40,1.0,0.0,27.187000274658203,0
293.25,5.012691235419592e-40,1.0,0.0,27.185693740844727,0
293.35,5.014406424739925e-40,1.0,0.0,27.18436622619629,0
293.45,5.016071167315543e-40,1.0,0.0,27.18307113647461,0
293.56,5.017735909891162e-40,1.0,0.0,27.1817626953125,0
293.66,5.019451099211495e-40,1.0,0.0,27.180397033691406,0
293.76,5.0211158417871125e-40,1.0,0.0,27.179061889648438,0
293.86,5.022831031107446e-40,1.0,0.0,27.177671432495117,0
293.96,5.024495773683064e-40,1.0,0.0,27.176307678222656,0
294.06,5.026210963003398e-40,1.0,0.0,27.174888610839844,0
294.16,5.027875705579016e-40,1.0,0.0,27.173498153686523,0
294.26,5.02959089489935e-40,1.0,0.0,27.17205238342285,0
294.36,5.031255637474967e-40,1.0,0.0,27.170635223388672,0
294.46,5.0329708267953004e-40,1.0,0.0,27.169158935546875,0
294.56,5.034635569370919e-40,1.0,0.0,27.16771125793457,0
294.66,5.036350758691252e-40,1.0,0.0,27.166210174560547,0
294.76,5.03801550126687e-40,1.0,0.0,27.16473960876465,0
294.86,5.039730690587204e-40,1.0,0.0,27.163209915161133,0
294.96,5.041395433162821e-40,1.0,0.0,27.16170883178711,0
295.06,5.043110622483155e-40,1.0,0.0,27.1601505279541,0
295.16,5.044775365058773e-40,1.0,0.0,27.158628463745117,0
295.26,5.046490554379107e-40,1.0,0.0,27.15704345703125,0
295.36,5.048155296954725e-40,1.0,0.0,27.15549659729004,0
295.46,5.049870486275058e-40,1.0,0.0,27.153886795043945,0
295.56,5.051535228850676e-40,1.0,0.0,27.152307510375977,0
295.66,5.053250418171009e-40,1.0,0.0,27.15067481994629,0
295.77,5.054915160746627e-40,1.0,0.0,27.149070739746094,0
295.87,5.056630350066961e-40,1.0,0.0,27.147411346435547,0
295.97,5.058295092642579e-40,1.0,0.0,27.145788192749023,0
296.07,5.0600102819629126e-40,1.0,0.0,27.144100189208984,0
296.17,5.06167502453853e-40,1.0,0.0,27.142454147338867,0
296.27,5.063390213858864e-40,1.0,0.0,27.1407470703125,0
296.37,5.065054956434482e-40,1.0,0.0,27.139080047607422,0
296.47,5.066770145754815e-40,1.0,0.0,27.13735008239746,0
296.57,5.0684348883304335e-40,1.0,0.0,27.13566017150879,0
296.67,5.070150077650767e-40,1.0,0.0003360502887517214,27.133901596069336,0
296.77,5.071814820226384e-40,0.8891500234603882,0.06855349987745285,27.13313865661621,0
296.87,5.073530009546718e-40,0.22745001316070557,0.24218159914016724,27.1324405670166,0
296.97,5.075194752122336e-40,0.0,0.461262583732605,27.132253646850586,0
297.07,5.07690994144267e-40,0.0,0.6162818670272827,27.132253646850586,0
297.17,5.078574684018288e-40,0.0,0.6286587715148926,27.132253646850586,0
297.27,5.0802898733386215e-40,0.0,0.6281098127365112,27.132253646850586,0
297.37,5.081954615914239e-40,0.0,0.627835214138031,27.132253646850586,0
297.47,5.083669805234572e-40,0.0,0.6281098127365112,27.132253646850586,0
297.57,5.085334547810191e-40,0.0,0.6060173511505127,27.132253646850586,0
297.67,5.0869992903858086e-40,0.0,0.5378813147544861,27.132253646850586,0
297.77,5.088714479706142e-40,0.0,0.48145774006843567,27.132253646850586,0
297.88,5.09037922228176e-40,0.0,0.4624095559120178,27.132253646850586,0
297.98,5.092094411602093e-40,0.0,0.455856055021286,27.132253646850586,0
298.08,5.093809600922427e-40,0.0,0.4411236047744751,27.132253646850586,0
298.18,5.095474343498045e-40,0.0,0.4271109402179718,27.132253646850586,0
298.28,5.097139086073663e-40,0.0,0.4158744513988495,27.132253646850586,0
298.38,5.0988542753939965e-40,0.0,0.40800610184669495,27.132253646850586,0
298.48,5.100519017969614e-40,0.0,0.3887173533439636,27.132253646850586,0
298.58,5.102234207289948e-40,0.0,0.3405829668045044,27.132253646850586,0
298.68,5.103898949865566e-40,0.0,0.29706257581710815,27.132253646850586,0
298.78,5.105614139185899e-40,0.0,0.23217767477035522,27.132253646850586,0
298.88,5.1072788817615175e-40,0.0,0.05994512140750885,27.132253646850586,0
298.98,5.1089940710818506e-40,0.05820000171661377,0.0,27.132184982299805,0
299.08,5.110658813657468e-40,0.13375002145767212,0.0,27.131975173950195,0
299.18,5.112374002977802e-40,0.23794999718666077,0.0,27.131702423095703,0
299.28,5.11403874555342e-40,0.36400002241134644,0.0,27.13136100769043,0
299.38,5.115753934873754e-40,0.5091500282287598,0.0,27.130889892578125,0
299.48,5.1174186774493715e-40,0.5800999999046326,0.0,27.13036346435547,0
299.58,5.1191338667697054e-40,0.5965499877929688,0.0,27.12980079650879,0
299.68,5.1208490560900385e-40,0.6080999970436096,0.0,27.129230499267578,0
299.79,5.122513798665656e-40,0.5914499759674072,0.0,27.12867546081543,0
299.89,5.12422898798599e-40,0.5728999972343445,0.0,27.128114700317383,0
299.99,5.125893730561608e-40,0.5915499925613403,0.0,27.127567291259766,0
300.09,5.127608919881942e-40,0.7147499918937683,0.0,27.12691307067871,0
300.19,5.1292736624575595e-40,0.8263499736785889,0.0,27.12599754333496,0
300.29,5.130988851777893e-40,0.8607499599456787,0.0,27.124832153320312,0
300.39,5.132653594353511e-40,0.8615000247955322,0.0,27.124488830566406,0
300.49,5.134368783673844e-40,0.8618500232696533,0.0,27.123605728149414,0
300.59,5.136033526249463e-40,0.8618999719619751,0.0,27.12261199951172,0
300.69,5.137748715569796e-40,0.9194999933242798,0.0,27.121625900268555,0
300.79,5.1394134581454135e-40,1.0,0.0,27.12055206298828,0
300.89,5.1411286474657474e-40,1.0,0.0,27.11931610107422,0
300.99,5.142793390041365e-40,1.0,0.0,27.118175506591797,0
301.09,5.144508579361699e-40,1.0,0.0,27.11689567565918,0
301.19,5.146223768682032e-40,1.0,0.0,27.11567497253418,0
301.29,5.147888511257651e-40,1.0,0.0,27.114389419555664,0
301.39,5.149603700577984e-40,1.0,0.0,27.113128662109375,0
301.5,5.1512684431536015e-40,1.0,0.0,27.111717224121094,0
301.6,5.152983632473935e-40,1.0,0.0,27.1102294921875,0
301.7,5.154648375049553e-40,1.0,0.0,27.1087703704834,0
301.8,5.156363564369887e-40,1.0,0.0,27.107250213623047,0
301.9,5.158028306945505e-40,1.0,0.0,27.105762481689453,0
302.0,5.159743496265839e-40,1.0,0.0,27.10420036315918,0
302.1,5.161408238841456e-40,1.0,0.0,27.1026611328125,0
302.2,5.1631234281617894e-40,1.0,0.0,27.101045608520508,0
302.3,5.164788170737408e-40,1.0,0.0,27.09944725036621,0
302.4,5.166503360057741e-40,1.0,0.0,27.09777069091797,0
302.5,5.168168102633359e-40,1.0,0.0,27.09611701965332,0
302.6,5.169883291953693e-40,1.0,0.0,27.094385147094727,0
302.7,5.17154803452931e-40,1.0,0.0,27.092683792114258,0
302.8,5.173212777104928e-40,1.0,0.0,27.09095573425293,0
302.9,5.174927966425262e-40,1.0,0.0,27.089153289794922,0
303.0,5.176643155745596e-40,1.0,0.0,27.087329864501953,0
303.1,5.178307898321214e-40,1.0,0.0,27.08618927001953,0
303.2,5.180023087641547e-40,1.0,0.0,27.08553695678711,0
303.3,5.181687830217165e-40,1.0,0.0,27.084936141967773,0
303.4,5.183403019537498e-40,1.0,0.0,27.084224700927734,0
303.51,5.185067762113116e-40,1.0,0.0,27.082979202270508,0
303.61,5.18678295143345e-40,1.0,0.0,27.08167839050293,0
303.71,5.188447694009068e-40,1.0,0.0,27.080402374267578,0
303.81,5.1901628833294016e-40,1.0,0.0,27.07907485961914,0
303.91,5.191827625905019e-40,1.0,0.0,27.07777214050293,0
304.01,5.193492368480637e-40,1.0,0.0,27.076452255249023,0
304.11,5.195207557800971e-40,1.0,0.0,27.0750789642334,0
304.21,5.196872300376589e-40,1.0,0.0,27.073732376098633,0
304.31,5.1985874896969226e-40,1.0,0.0,27.072328567504883,0
304.41,5.200302679017256e-40,1.0,0.0,27.070913314819336,0
304.51,5.201967421592873e-40,1.0,0.0,27.069522857666016,0
304.61,5.203682610913207e-40,1.0,0.0,27.068077087402344,0
304.71,5.205347353488825e-40,1.0,0.0,27.066661834716797,0
304.81,5.207062542809159e-40,1.0,0.0,27.065183639526367,0
304.91,5.208727285384777e-40,1.0,0.0,27.063739776611328,0
305.01,5.2104424747051105e-40,1.0,0.0,27.062238693237305,0
305.11,5.212107217280728e-40,1.0,0.0,27.06076431274414,0
305.21,5.213822406601061e-40,1.0,0.0,27.059232711791992,0
305.31,5.21548714917668e-40,1.0,0.0,27.057735443115234,0
305.42,5.217202338497013e-40,1.0,0.0,27.056177139282227,0
305.52,5.218867081072631e-40,1.0,0.0,27.054649353027344,0
305.62,5.2205822703929646e-40,1.0,0.0,27.053064346313477,0
305.72,5.222247012968582e-40,1.0,0.0,27.051513671875,0
305.82,5.223962202288916e-40,1.0,0.0,27.049898147583008,0
305.92,5.225626944864534e-40,1.0,0.0,27.04831886291504,0
306.02,5.227342134184868e-40,1.0,0.0,27.04668426513672,0
306.12,5.229057323505201e-40,1.0,0.0,27.045026779174805,0
306.22,5.230722066080819e-40,1.0,0.0,27.043411254882812,0
306.32,5.2324372554011525e-40,1.0,0.0,27.041732788085938,0
306.42,5.23410199797677e-40,1.0,0.0,27.04009437561035,0
306.52,5.235817187297104e-40,1.0,0.0,27.038393020629883,0
306.62,5.237481929872722e-40,1.0,0.0,27.036731719970703,0
306.72,5.239197119193056e-40,1.0,0.0,27.035003662109375,0
306.82,5.2408618617686735e-40,1.0,0.0,27.0333194732666,0
306.92,5.2425770510890066e-40,0.823699951171875,0.0013487605610862374,27.031646728515625,0
307.02,5.244241793664625e-40,0.25850000977516174,0.046754516661167145,27.030534744262695,0
307.13,5.245956982984958e-40,0.0,0.19821935892105103,27.0302791595459,0
307.23,5.247672172305292e-40,0.0,0.36010563373565674,27.0302791595459,0
307.33,5.24933691488091e-40,0.0,0.44179391860961914,27.0302791595459,0
307.43,5.251052104201244e-40,0.0,0.45593196153640747,27.0302791595459,0
307.53,5.2527168467768614e-40,0.0,0.46371152997016907,27.0302791595459,0
307.63,5.2544320360971945e-40,0.0,0.5086876749992371,27.0302791595459,0
307.73,5.256096778672813e-40,0.0,0.5090113878250122,27.0302791595459,0
307.83,5.257811967993146e-40,0.0,0.46072790026664734,27.0302791595459,0
307.93,5.259476710568764e-40,0.0,0.39713725447654724,27.0302791595459,0
308.03,5.261191899889098e-40,0.0,0.34244248270988464,27.0302791595459,0
308.13,5.2628566424647155e-40,0.0,0.2904850244522095,27.0302791595459,0
308.23,5.264521385040333e-40,0.0,0.24428583681583405,27.0302791595459,0
308.33,5.266236574360667e-40,0.0,0.15611594915390015,27.0302791595459,0
308.43,5.267901316936285e-40,0.0,0.021609650924801826,27.0302791595459,0
308.53,5.269616506256619e-40,0.051750004291534424,0.0066005270928144455,27.030136108398438,0
308.63,5.2712812488322364e-40,0.041850000619888306,0.026672864332795143,27.029882431030273,0
308.73,5.27299643815257e-40,0.0,0.13177692890167236,27.02979850769043,0
308.83,5.274661180728188e-40,0.0,0.21270930767059326,27.02979850769043,0
308.93,5.276376370048521e-40,0.0,0.09858469665050507,27.02979850769043,0
309.03,5.27804111262414e-40,0.0455000102519989,0.016154812648892403,27.029695510864258,0
309.14,5.279756301944473e-40,0.0767500102519989,0.0,27.029409408569336,0
309.24,5.2814210445200905e-40,0.10275000333786011,0.0,27.029020309448242,0
309.34,5.283136233840424e-40,0.14465001225471497,0.0,27.028539657592773,0
309.44,5.284800976416042e-40,0.22470000386238098,0.0,27.028043746948242,0
309.54,5.286566612481091e-40,0.4599500000476837,0.0,27.027278900146484,0
309.64,5.288281801801425e-40,0.598800003528595,0.0,27.02623176574707,0
309.74,5.289946544377043e-40,0.6059499979019165,0.0,27.025150299072266,0
309.84,5.291661733697377e-40,0.5957000255584717,0.0,27.024032592773438,0
309.94,5.293326476272995e-40,0.5752999782562256,0.0,27.022953033447266,0
310.04,5.295041665593328e-40,0.5223000049591064,0.0,27.021862030029297,0
310.14,5.296706408168946e-40,0.44690001010894775,0.0,27.020862579345703,0
310.24,5.298421597489279e-40,0.3712500035762787,0.0,27.019954681396484,0
310.35,5.300086340064897e-40,0.32615000009536743,0.0,27.019180297851562,0
310.45,5.301801529385231e-40,0.3325499892234802,0.0,27.018415451049805,0
310.55,5.303466271960849e-40,0.37255001068115234,0.0,27.01763916015625,0
310.65,5.3051814612811826e-40,0.3906500041484833,0.0,27.016782760620117,0
310.75,5.3068462038568e-40,0.3935000002384186,0.0,27.01594352722168,0
310.85,5.308561393177134e-40,0.40904998779296875,0.0,27.01506233215332,0
310.95,5.310226135752752e-40,0.44064998626708984,0.0,27.01416778564453,0
311.05,5.311941325073085e-40,0.39524999260902405,0.0,27.013235092163086,0
311.15,5.3136060676487035e-40,0.1915000081062317,0.0,27.012540817260742,0
311.25,5.315321256969037e-40,0.09455001354217529,0.0,27.012048721313477,0
311.35,5.316985999544654e-40,0.0,0.0,27.01176643371582,0
311.45,5.318701188864988e-40,0.0,0.0,27.01176643371582,0
311.55,5.320365931440606e-40,0.0,0.0,27.01176643371582,0
311.65,5.32208112076094e-40,0.0,0.0,27.01176643371582,0
311.75,5.3237458633365576e-40,0.0,0.0,27.01176643371582,0
311.85,5.3254610526568915e-40,0.0,0.0,27.01176643371582,0
311.95,5.327125795232509e-40,0.0,0.03381384164094925,27.01176643371582,0
312.05,5.328840984552842e-40,0.0,0.08583754301071167,27.01176643371582,0
312.15,5.330505727128461e-40,0.0,0.09753186255693436,27.01176643371582,0
312.26,5.332220916448794e-40,0.0,0.09740842878818512,27.01176643371582,0
312.36,5.333885659024412e-40,0.0,0.03565606474876404,27.01176643371582,0
312.46,5.3356008483447455e-40,0.0,0.000373337505152449,27.01176643371582,0
312.56,5.337265590920363e-40,0.0,0.0,27.01176643371582,0
312.66,5.338980780240697e-40,0.0,0.0,27.01176643371582,0
312.76,5.340645522816315e-40,0.0,0.0,27.01176643371582,0
312.86,5.342360712136649e-40,0.0,0.0,27.01176643371582,0
312.96,5.3440254547122665e-40,0.06194999814033508,0.0,27.011699676513672,0
313.06,5.3457406440325996e-40,0.19050002098083496,0.0,27.011362075805664,0
313.16,5.347405386608218e-40,0.3668999969959259,0.0,27.0108585357666,0
313.26,5.349120575928551e-40,0.4625000059604645,0.0,27.01016616821289,0
313.36,5.350785318504169e-40,0.4927000105381012,0.0,27.009410858154297,0
313.46,5.352500507824503e-40,0.4894999861717224,0.0,27.008615493774414,0
313.56,5.3541652504001206e-40,0.46810001134872437,0.0,27.007850646972656,0
313.66,5.3558804397204545e-40,0.4549500048160553,0.0,27.007080078125,0
313.76,5.357545182296072e-40,0.4395500123500824,0.0,27.00634765625,0
313.86,5.359260371616406e-40,0.41635000705718994,0.0,27.005613327026367,0
313.96,5.360925114192024e-40,0.40880000591278076,0.0,27.004915237426758,0
314.06,5.362640303512357e-40,0.41750001907348633,0.0,27.004199981689453,0
314.16,5.3643050460879754e-40,0.46334999799728394,0.0,27.00346565246582,0
314.26,5.3660202354083085e-40,0.475849986076355,0.0,27.002660751342773,0
314.37,5.367684977983926e-40,0.5055500268936157,0.0,27.001855850219727,0
314.47,5.36940016730426e-40,0.6295999884605408,0.0,27.00096321105957,0
314.57,5.371064909879878e-40,0.7714999914169312,0.0,27.000110626220703,0
314.67,5.372780099200212e-40,0.8624999523162842,0.0,26.99912452697754,0
314.77,5.3744448417758295e-40,0.9937000274658203,0.0,26.998130798339844,0
314.87,5.376160031096163e-40,1.0,0.0,26.996997833251953,0
314.97,5.377824773671781e-40,1.0,0.0,26.995635986328125,0
315.07,5.379539962992114e-40,1.0,0.0,26.994220733642578,0
315.17,5.381204705567733e-40,1.0,0.0,26.99283218383789,0
315.27,5.382919894888066e-40,1.0,0.0,26.991376876831055,0
315.37,5.3845846374636835e-40,1.0,0.0,26.989933013916016,0
315.47,5.3862998267840174e-40,1.0,0.0,26.988414764404297,0
315.57,5.387964569359635e-40,1.0,0.0,26.986909866333008,0
315.67,5.389679758679969e-40,1.0,0.0,26.98532485961914,0
315.77,5.391394948000302e-40,1.0,0.0,26.983715057373047,0
315.87,5.393059690575921e-40,1.0,0.0,26.98211669921875,0
315.97,5.394774879896254e-40,1.0,0.0,26.980443954467773,0
316.08,5.3964396224718715e-40,1.0,0.0,26.97879409790039,0
316.18,5.398154811792205e-40,1.0,0.0,26.97706413269043,0
316.28,5.399819554367823e-40,0.8983999490737915,0.0,26.975391387939453,0
316.38,5.401534743688157e-40,0.39135000109672546,0.0,26.974124908447266,0
316.48,5.403199486263775e-40,0.2824999988079071,0.0,26.97335433959961,0
316.58,5.404914675584109e-40,0.27425000071525574,0.0,26.972604751586914,0
316.68,5.406579418159726e-40,0.2175000011920929,0.0,26.9719295501709,0
316.78,5.4082946074800594e-40,0.1462000012397766,0.0,26.971343994140625,0
316.88,5.409959350055678e-40,0.13210001587867737,0.0,26.970809936523438,0
316.98,5.411674539376011e-40,0.11615002155303955,0.0,26.97027587890625,0
317.08,5.413339281951629e-40,0.08730000257492065,0.0,26.96979331970215,0
317.18,5.415054471271963e-40,0.06710001826286316,0.0,26.969425201416016,0
317.28,5.4167696605922966e-40,0.07325002551078796,0.0,26.969078063964844,0
317.38,5.418434403167914e-40,0.08615002036094666,0.0,26.968704223632812,0
317.48,5.420149592488247e-40,0.15070000290870667,0.0,26.968223571777344,0
317.58,5.421814335063866e-40,0.23225000500679016,0.0,26.96766471862793,0
317.68,5.423529524384199e-40,0.23109999299049377,0.0,26.9670467376709,0
317.78,5.425194266959817e-40,0.22499999403953552,0.0,26.966455459594727,0
317.89,5.426909456280151e-40,0.2152000069618225,0.0,26.965864181518555,0
317.99,5.428574198855768e-40,0.19005000591278076,0.0,26.965320587158203,0
318.09,5.430289388176102e-40,0.1527000069618225,0.0,26.964792251586914,0
318.19,5.43195413075172e-40,0.12880000472068787,0.0,26.964309692382812,0
318.29,5.433669320072054e-40,0.12130001187324524,0.0,26.963829040527344,0
318.39,5.4353340626476716e-40,0.13449999690055847,0.0,26.96336555480957,0
318.49,5.437049251968005e-40,0.2806999981403351,0.0,26.96283531188965,0
318.59,5.438713994543623e-40,0.5741499662399292,0.0,26.96197509765625,0
318.69,5.440429183863956e-40,0.7210999727249146,0.0,26.960834503173828,0
318.79,5.442093926439574e-40,0.8580499887466431,0.0,26.95958137512207,0
318.89,5.443809115759908e-40,0.9610999822616577,0.0,26.958282470703125,0
318.99,5.445473858335526e-40,1.0,0.0,26.956911087036133,0
319.09,5.4471890476558595e-40,1.0,0.0,26.95575523376465,0
319.19,5.448853790231477e-40,1.0,0.0,26.9545955657959,0
319.29,5.450568979551811e-40,1.0,0.0,26.953279495239258,0
319.39,5.452233722127429e-40,1.0,0.0,26.951955795288086,0
319.49,5.453948911447762e-40,1.0,0.0,26.950260162353516,0
319.59,5.4556136540233805e-40,1.0,0.0,26.9486026763916,0
319.69,5.4573288433437136e-40,1.0,0.0,26.94688606262207,0
319.8,5.458993585919331e-40,1.0,0.0,26.94521713256836,0
319.9,5.460708775239665e-40,1.0,0.0,26.9434814453125,0
320.0,5.462373517815283e-40,1.0,0.0,26.94178009033203,0
320.1,5.464088707135617e-40,1.0,0.0,26.940004348754883,0
320.2,5.4657534497112345e-40,1.0,0.0,26.93825912475586,0
320.3,5.4674686390315685e-40,1.0,0.0,26.936445236206055,0
320.4,5.469133381607186e-40,1.0,0.0,26.93466567993164,0
320.5,5.470848570927519e-40,1.0,0.0,26.932811737060547,0
320.6,5.472513313503138e-40,1.0,0.0,26.931615829467773,0
320.7,5.474228502823471e-40,1.0,0.0,26.931018829345703,0
320.8,5.475893245399089e-40,1.0,0.0,26.930362701416016,0
320.9,5.4776084347194225e-40,1.0,0.0,26.929983139038086,0
321.0,5.47927317729504e-40,1.0,0.0,26.928972244262695,0
321.1,5.480988366615374e-40,1.0,0.0,26.927658081054688,0
321.2,5.482653109190992e-40,1.0,0.0,26.926380157470703,0
321.3,5.484368298511326e-40,1.0,0.0,26.92506217956543,0
321.4,5.4860330410869435e-40,1.0,0.0,26.92371940612793,0
321.5,5.4877482304072766e-40,1.0,0.0,26.922348022460938,0
321.6,5.489412972982895e-40,1.0,0.0,26.921031951904297,0
321.7,5.491128162303228e-40,1.0,0.0,26.919652938842773,0
321.81,5.492792904878846e-40,1.0,0.0,26.918304443359375,0
321.91,5.49450809419918e-40,1.0,0.0,26.916900634765625,0
322.01,5.4961728367747975e-40,1.0,0.0,26.915523529052734,0
322.11,5.4978880260951314e-40,1.0,0.0,26.914091110229492,0
322.21,5.4996032154154645e-40,1.0,0.0,26.912641525268555,0
322.31,5.501267957991083e-40,1.0,0.0,26.911224365234375,0
322.41,5.502983147311416e-40,1.0,0.0,26.90974998474121,0
322.51,5.504647889887034e-40,1.0,0.0,26.90830421447754,0
322.61,5.506363079207368e-40,1.0,0.0,26.906801223754883,0
322.71,5.5080278217829855e-40,1.0,0.0,26.905332565307617,0
322.81,5.509743011103319e-40,1.0,0.0,26.90380096435547,0
322.91,5.511407753678937e-40,1.0,0.0,26.90230369567871,0
323.01,5.513122942999271e-40,1.0,0.0,26.900747299194336,0
323.11,5.514787685574889e-40,1.0,0.0,26.89922523498535,0
323.22,5.516502874895222e-40,1.0,0.0,26.897640228271484,0
323.32,5.518218064215556e-40,1.0,0.0,26.896045684814453,0
323.42,5.5198828067911734e-40,1.0,0.0,26.894485473632812,0
323.52,5.521597996111507e-40,1.0,0.0,26.892858505249023,0
323.62,5.523262738687125e-40,1.0,0.0,26.89127540588379,0
323.72,5.524977928007459e-40,1.0,0.0,26.889625549316406,0
323.82,5.526642670583077e-40,1.0,0.0,26.88800048828125,0
323.92,5.52835785990341e-40,1.0,0.0,26.886333465576172,0
324.02,5.530022602479028e-40,1.0,0.0,26.884700775146484,0
324.12,5.531737791799361e-40,1.0,0.0,26.88300323486328,0
324.22,5.533402534374979e-40,1.0,0.0,26.881343841552734,0
324.32,5.535117723695313e-40,1.0,0.0,26.879623413085938,0
324.42,5.536832913015647e-40,1.0,0.0,26.877899169921875,0
324.52,5.538497655591265e-40,1.0,0.0,26.87621307373047,0
324.62,5.540212844911598e-40,1.0,0.0,26.87445068359375,0
324.72,5.541877587487216e-40,1.0,0.0,26.872743606567383,0
324.82,5.543592776807549e-40,1.0,0.0,26.870975494384766,0
324.92,5.545257519383167e-40,1.0,0.0,26.869247436523438,0
325.03,5.546972708703501e-40,1.0,0.0,26.868324279785156,0
325.13,5.548637451279119e-40,1.0,0.0,26.867507934570312,0
325.23,5.5503526405994526e-40,1.0,0.0,26.866830825805664,0
325.33,5.55201738317507e-40,1.0,0.0,26.865463256835938,0
325.43,5.553732572495404e-40,1.0,0.0,26.864057540893555,0
325.53,5.555397315071022e-40,1.0,0.0,26.862686157226562,0
325.63,5.557112504391355e-40,1.0,0.0,26.86126708984375,0
325.73,5.5587772469669735e-40,1.0,0.0,26.859880447387695,0
325.83,5.560492436287307e-40,1.0,0.0,26.858444213867188,0
325.93,5.562157178862924e-40,1.0,0.0,26.85704231262207,0
326.03,5.563872368183258e-40,1.0,0.0,26.8555965423584,0
326.13,5.565537110758876e-40,1.0,0.0,26.85418128967285,0
326.23,5.56725230007921e-40,1.0,0.0,26.852710723876953,0
326.33,5.5689170426548276e-40,1.0,0.0,26.851285934448242,0
326.43,5.5706322319751615e-40,1.0,0.0,26.849809646606445,0
326.53,5.572296974550779e-40,1.0,0.0,26.848371505737305,0
326.64,5.574012163871112e-40,1.0,0.0,26.846866607666016,0
326.74,5.575727353191446e-40,1.0,0.0,26.84537124633789,0
326.84,5.577392095767064e-40,1.0,0.0,26.84391212463379,0
326.94,5.579107285087398e-40,1.0,0.0,26.84239959716797,0
327.04,5.5807720276630155e-40,1.0,0.0,26.84092140197754,0
327.14,5.5824872169833494e-40,1.0,0.0,26.83939552307129,0
327.24,5.584151959558967e-40,1.0,0.0,26.837909698486328,0
327.34,5.5858671488793e-40,1.0,0.0,26.83637237548828,0
327.44,5.587531891454919e-40,1.0,0.0,26.834871292114258,0
327.54,5.589247080775252e-40,1.0,0.0,26.83331871032715,0
327.64,5.5909118233508696e-40,1.0,0.0,26.83180809020996,0
327.74,5.5926270126712035e-40,1.0,0.0,26.830238342285156,0
327.84,5.594291755246821e-40,1.0,0.0,26.828720092773438,0
327.94,5.596006944567155e-40,1.0,0.0,26.827136993408203,0
328.04,5.597671687142773e-40,1.0,0.0,26.825593948364258,0
328.14,5.599386876463107e-40,1.0,0.0,26.824007034301758,0
328.24,5.6010516190387245e-40,1.0,0.0,26.822458267211914,0
328.34,5.6027668083590575e-40,1.0,0.0,26.82085418701172,0
328.44,5.604431550934676e-40,1.0,0.0,26.81929588317871,0
328.54,5.606146740255009e-40,1.0,0.0,26.817678451538086,0
328.65,5.607811482830627e-40,1.0,0.0,26.816097259521484,0
328.75,5.609526672150961e-40,1.0,0.0,26.81447410583496,0
328.85,5.6111914147265785e-40,1.0,0.0,26.812891006469727,0
328.95,5.612906604046912e-40,1.0,0.0,26.811248779296875,0
329.05,5.61457134662253e-40,1.0,0.0,26.809654235839844,0
329.15,5.616286535942864e-40,1.0,0.0,26.808002471923828,0
329.25,5.617951278518482e-40,1.0,0.0,26.806394577026367,0
329.35,5.619666467838815e-40,1.0,0.0,26.804733276367188,0
329.45,5.621331210414433e-40,1.0,0.0,26.80311393737793,0
329.55,5.622995952990051e-40,1.0,0.0,26.801490783691406,0
329.65,5.624711142310384e-40,1.0,0.0,26.7998104095459,0
329.75,5.626426331630718e-40,1.0,0.0,26.798128128051758,0
329.85,5.628091074206336e-40,1.0,0.0,26.79648780822754,0
329.95,5.62980626352667e-40,1.0,0.0,26.7947940826416,0
330.05,5.6314710061022874e-40,1.0,0.0,26.793142318725586,0
330.15,5.633135748677905e-40,1.0,0.0,26.791486740112305,0
330.25,5.634850937998239e-40,1.0,0.0,26.789779663085938,0
330.35,5.636566127318572e-40,1.0,0.0,26.788061141967773,0
330.45,5.638230869894191e-40,1.0,0.0,26.786396026611328,0
330.55,5.639946059214524e-40,1.0,0.0,26.7846736907959,0
330.65,5.6416108017901415e-40,1.0,0.0,26.782995223999023,0
330.76,5.64327554436576e-40,1.0,0.0,26.78130531311035,0
330.86,5.644990733686093e-40,1.0,0.0,26.779558181762695,0
330.96,5.646655476261711e-40,1.0,0.0,26.777873992919922,0
331.06,5.648370665582045e-40,1.0,0.0,26.776126861572266,0
331.16,5.6500354081576624e-40,1.0,0.0,26.7744197845459,0
331.26,5.651750597477996e-40,1.0,0.0,26.772666931152344,0
331.36,5.653415340053614e-40,1.0,0.0,26.770959854125977,0
331.46,5.655130529373948e-40,1.0,0.0,26.769195556640625,0
331.56,5.656795271949566e-40,1.0,0.0,26.767480850219727,0
331.66,5.658510461269899e-40,1.0,0.0,26.765714645385742,0
331.76,5.660175203845517e-40,1.0,0.0,26.76398277282715,0
331.86,5.66189039316585e-40,1.0,0.0,26.762195587158203,0
331.96,5.663555135741468e-40,1.0,0.0,26.760465621948242,0
332.06,5.665270325061802e-40,1.0,0.0,26.758682250976562,0
332.16,5.66693506763742e-40,1.0,0.0,26.757600784301758,0
332.26,5.668650256957754e-40,1.0,0.0,26.756893157958984,0
332.36,5.670365446278087e-40,1.0,0.0,26.756261825561523,0
332.46,5.672030188853705e-40,1.0,0.0,26.754852294921875,0
332.56,5.673745378174038e-40,1.0,0.0,26.753402709960938,0
332.67,5.675410120749656e-40,1.0,0.0,26.751989364624023,0
332.77,5.67712531006999e-40,1.0,0.0,26.750526428222656,0
332.87,5.678790052645608e-40,1.0,0.0,26.74911117553711,0
332.97,5.6805052419659416e-40,1.0,0.0,26.747648239135742,0
333.07,5.682169984541559e-40,1.0,0.0,26.746225357055664,0
333.17,5.683834727117177e-40,1.0,0.0,26.744792938232422,0
333.27,5.685549916437511e-40,1.0,0.0,26.743314743041992,0
333.37,5.687214659013129e-40,1.0,0.0,26.74188804626465,0
333.47,5.6889298483334625e-40,1.0,0.0,26.740402221679688,0
333.57,5.69059459090908e-40,1.0,0.0,26.738962173461914,0
333.67,5.692309780229413e-40,1.0,0.0,26.73748207092285,0
333.77,5.693974522805032e-40,1.0,0.0,26.736032485961914,0
333.87,5.695689712125365e-40,1.0,0.0,26.73454475402832,0
333.97,5.697404901445699e-40,1.0,0.0,26.7330379486084,0
334.07,5.6990696440213166e-40,1.0,0.0,26.731582641601562,0
334.17,5.700734386596934e-40,1.0,0.0,26.730133056640625,0
334.27,5.702449575917268e-40,1.0,0.0,26.728622436523438,0
334.37,5.704164765237601e-40,1.0,0.0,26.72712516784668,0
334.47,5.70582950781322e-40,1.0,0.0,26.72566032409668,0
334.57,5.707544697133553e-40,1.0,0.0,26.72413444519043,0
334.68,5.709209439709171e-40,1.0,0.0,26.722673416137695,0
334.78,5.7109246290295045e-40,1.0,0.0,26.721141815185547,0
334.88,5.712589371605122e-40,1.0,0.0,26.71966552734375,0
334.98,5.714304560925456e-40,1.0,0.0,26.718151092529297,0
335.08,5.715969303501074e-40,1.0,0.0,26.716655731201172,0
335.18,5.717684492821408e-40,1.0,0.0,26.715137481689453,0
335.28,5.7193492353970255e-40,1.0,0.0,26.713655471801758,0
335.38,5.721064424717359e-40,1.0,0.0,26.712121963500977,0
335.48,5.722729167292977e-40,1.0,0.0,26.710622787475586,0
335.58,5.72444435661331e-40,1.0,0.0,26.709087371826172,0
335.68,5.726109099188928e-40,1.0,0.0,26.707597732543945,0
335.78,5.727824288509262e-40,1.0,0.0,26.70606231689453,0
335.88,5.7294890310848796e-40,1.0,0.0,26.704559326171875,0
335.98,5.7312042204052135e-40,1.0,0.0,26.70301055908203,0
336.08,5.732868962980831e-40,1.0,0.0,26.70151138305664,0
336.18,5.734584152301165e-40,1.0,0.0,26.699954986572266,0
336.28,5.736248894876783e-40,1.0,0.0,26.69842529296875,0
336.38,5.737964084197116e-40,1.0,0.0,26.696876525878906,0
336.49,5.7396288267727344e-40,1.0,0.0,26.69536781311035,0
336.59,5.7413440160930675e-40,1.0,0.0,26.69380760192871,0
336.69,5.743008758668685e-40,1.0,0.0,26.692285537719727,0
336.79,5.744723947989019e-40,1.0,0.0,26.690723419189453,0
336.89,5.746388690564637e-40,1.0,0.0,26.68919563293457,0
336.99,5.748103879884971e-40,1.0,0.0,26.6876163482666,0
337.09,5.749819069205304e-40,1.0,0.0,26.686050415039062,0
337.19,5.751483811780922e-40,1.0,0.0,26.684524536132812,0
337.29,5.7531990011012555e-40,0.758899986743927,0.026672864332795143,26.683032989501953,0
337.39,5.754863743676873e-40,0.034450024366378784,0.4163062572479248,26.682205200195312,0
337.49,5.756578932997207e-40,0.0,0.7964962124824524,26.682201385498047,0
337.59,5.758243675572825e-40,0.0,0.8596900701522827,26.682201385498047,0
337.69,5.759958864893159e-40,0.0,0.8785977959632874,26.682201385498047,0
337.79,5.7616236074687764e-40,0.0,0.877707839012146,26.682201385498047,0
337.89,5.76333879678911e-40,0.0,0.863430380821228,26.682201385498047,0
337.99,5.765003539364728e-40,0.0,0.8328014612197876,26.682201385498047,0
338.09,5.766718728685061e-40,0.0,0.787384569644928,26.682201385498047,0
338.19,5.76838347126068e-40,0.0,0.7381075024604797,26.682201385498047,0
338.29,5.770098660581013e-40,0.0,0.6779822707176208,26.682201385498047,0
338.39,5.7717634031566305e-40,0.0,0.6028861999511719,26.682201385498047,0
338.5,5.773428145732249e-40,0.0,0.5611518025398254,26.682201385498047,0
338.6,5.775143335052582e-40,0.0,0.5471205115318298,26.682201385498047,0
338.7,5.7768080776282e-40,0.0,0.5287337303161621,26.682201385498047,0
338.8,5.778523266948534e-40,0.0,0.5061834454536438,26.682201385498047,0
338.9,5.7801880095241514e-40,0.0,0.4921814203262329,26.682201385498047,0
339.0,5.781903198844485e-40,0.0,0.46693718433380127,26.682201385498047,0
339.1,5.783567941420103e-40,0.0,0.39135032892227173,26.682201385498047,0
339.2,5.785283130740437e-40,0.0,0.2169169783592224,26.682201385498047,0
339.3,5.786947873316055e-40,0.04254999756813049,0.032254546880722046,26.68214988708496,0
339.4,5.788663062636388e-40,0.07770001888275146,0.0,26.681976318359375,0
339.5,5.790327805212006e-40,0.08460000157356262,0.0,26.681682586669922,0
339.6,5.792042994532339e-40,0.08020001649856567,0.0,26.681346893310547,0
339.7,5.793707737107957e-40,0.08140000700950623,0.0,26.68104362487793,0
339.8,5.795422926428291e-40,0.13210001587867737,0.0,26.68067741394043,0
339.9,5.797087669003909e-40,0.25975000858306885,0.0,26.680204391479492,0
340.0,5.798802858324243e-40,0.29635000228881836,0.0,26.67964744567871,0
340.1,5.80046760089986e-40,0.42045000195503235,0.0,26.67899513244629,0
340.2,5.802182790220194e-40,0.550599992275238,0.0,26.678146362304688,0
340.3,5.803847532795812e-40,0.5914000272750854,0.0,26.677244186401367,0
340.4,5.805562722116145e-40,0.5799999833106995,0.0,26.676307678222656,0
340.5,5.807227464691764e-40,0.5776500105857849,0.0,26.67540168762207,0
340.61,5.808942654012097e-40,0.5774999856948853,0.0,26.674467086791992,0
340.71,5.810607396587714e-40,0.5813999772071838,0.0,26.673559188842773,0
340.81,5.812322585908048e-40,0.7003499865531921,0.0,26.672592163085938,0
340.91,5.814037775228382e-40,0.9060999751091003,0.0,26.67146110534668,0
341.01,5.815702517804e-40,1.0,0.0,26.670146942138672,0
341.11,5.817417707124333e-40,1.0,0.0,26.668745040893555,0
341.21,5.8190824496999516e-40,1.0,0.0,26.667373657226562,0
341.31,5.820797639020285e-40,1.0,0.0,26.665952682495117,0
341.41,5.822462381595902e-40,1.0,0.0,26.664566040039062,0
341.51,5.824177570916236e-40,1.0,0.0,26.663135528564453,0
341.61,5.825842313491854e-40,1.0,0.0,26.66173553466797,0
341.71,5.827557502812188e-40,1.0,0.0,26.660287857055664,0
341.81,5.829222245387806e-40,1.0,0.0,26.65886688232422,0
341.91,5.8309374347081395e-40,1.0,0.0,26.657390594482422,0
342.01,5.832602177283757e-40,1.0,0.0,26.65594482421875,0
342.11,5.83431736660409e-40,0.8637499809265137,0.0,26.654529571533203,0
342.21,5.835982109179709e-40,0.7927999496459961,0.0,26.653318405151367,0
342.31,5.8376468517553266e-40,0.7777000069618225,0.0,26.652130126953125,0
342.42,5.83936204107566e-40,0.7135999798774719,0.0,26.65093231201172,0
342.52,5.8410772303959936e-40,0.6109499931335449,0.0,26.649824142456055,0
342.62,5.842741972971611e-40,0.6000499725341797,0.0,26.648788452148438,0
342.72,5.844457162291945e-40,0.6005499958992004,0.0,26.64771270751953,0
342.82,5.846121904867563e-40,0.6013000011444092,0.0,26.646665573120117,0
342.92,5.847837094187897e-40,0.6274499893188477,0.0,26.645586013793945,0
343.02,5.8495018367635145e-40,0.8219499588012695,0.0,26.644441604614258,0
343.12,5.851217026083848e-40,1.0,0.0,26.642993927001953,0
343.22,5.852881768659466e-40,1.0,0.0,26.64146614074707,0
343.32,5.854596957979799e-40,1.0,0.0,26.63988494873047,0
343.42,5.856261700555417e-40,1.0,0.0,26.638347625732422,0
343.52,5.857976889875751e-40,1.0,0.0,26.636751174926758,0
343.62,5.8596416324513686e-40,1.0,0.0,26.635196685791016,0
343.72,5.8613568217717025e-40,1.0,0.0,26.633586883544922,0
343.82,5.86302156434732e-40,1.0,0.0,26.632017135620117,0
343.92,5.864736753667654e-40,1.0,0.0,26.63039779663086,0
344.02,5.866401496243272e-40,1.0,0.0,26.62881851196289,0
344.12,5.868116685563605e-40,1.0,0.0,26.627450942993164,0
344.22,5.8697814281392234e-40,1.0,0.0,26.625957489013672,0
344.33,5.8714966174595565e-40,1.0,0.0,26.624317169189453,0
344.43,5.873161360035174e-40,1.0,0.0,26.622711181640625,0
344.53,5.874876549355508e-40,1.0,0.0,26.62105369567871,0
344.63,5.876541291931126e-40,1.0,0.0,26.619447708129883,0
344.73,5.878054694272597e-40,1.0,0.0,26.61798667907715,0
344.83,5.8799212238270775e-40,1.0,0.0,26.616188049316406,0
344.93,5.881636413147411e-40,1.0,0.0,26.614526748657227,0
345.03,5.883301155723029e-40,1.0,0.0,26.61290740966797,0
345.13,5.885016345043362e-40,1.0,0.0,26.61122703552246,0
345.23,5.886681087618981e-40,1.0,0.0,26.60958480834961,0
345.33,5.888396276939314e-40,1.0,0.0,26.607879638671875,0
345.43,5.8900610195149315e-40,1.0,0.0,26.60621452331543,0
345.53,5.8917762088352654e-40,1.0,0.0,26.6044864654541,0
345.63,5.893440951410883e-40,1.0,0.0,26.602798461914062,0
345.73,5.895156140731217e-40,1.0,0.0,26.60104751586914,0
345.83,5.896820883306835e-40,0.8129000067710876,0.026499325409531593,26.599397659301758,0
345.93,5.898536072627169e-40,0.2152000069618225,0.08791498839855194,26.59830093383789,0
346.03,5.900200815202786e-40,0.0,0.1665475070476532,26.598073959350586,0
346.13,5.9019160045231195e-40,0.0,0.2871704697608948,26.598073959350586,0
346.23,5.903580747098738e-40,0.0,0.32698068022727966,26.598073959350586,0
346.34,5.905295936419071e-40,0.0,0.32635584473609924,26.598073959350586,0
346.44,5.906960678994689e-40,0.0,0.32641831040382385,26.598073959350586,0
346.54,5.908675868315023e-40,0.0,0.326293408870697,26.598073959350586,0
346.64,5.9103406108906404e-40,0.0,0.3193439841270447,26.598073959350586,0
346.74,5.912055800210974e-40,0.0,0.3165149688720703,26.598073959350586,0
346.84,5.913720542786592e-40,0.028650015592575073,0.31510594487190247,26.597986221313477,0
346.94,5.915435732106926e-40,0.032100021839141846,0.3031875789165497,26.59786033630371,0
347.04,5.917150921427259e-40,0.028700023889541626,0.294233113527298,26.59773826599121,0
347.14,5.918815664002877e-40,0.029750019311904907,0.28416597843170166,26.597633361816406,0
347.24,5.920530853323211e-40,0.04325002431869507,0.20917534828186035,26.59749984741211,0
347.34,5.922195595898828e-40,0.10600000619888306,0.0028108572587370872,26.597257614135742,0
347.44,5.923910785219162e-40,0.1757500171661377,0.0,26.59684944152832,0
347.54,5.92557552779478e-40,0.18070000410079956,0.0,26.59634780883789,0
347.64,5.927290717115114e-40,0.16705000400543213,0.0,26.59576988220215,0
347.74,5.928955459690732e-40,0.13340002298355103,0.0,26.59520721435547,0
347.84,5.930670649011065e-40,0.09935000538825989,0.0,26.59465980529785,0
347.95,5.932335391586683e-40,0.10684999823570251,0.0,26.594146728515625,0
348.05,5.934050580907016e-40,0.15435001254081726,0.0,26.593599319458008,0
348.15,5.93576577022735e-40,0.2856000065803528,0.0,26.59294891357422,0
348.25,5.937430512802968e-40,0.3161500096321106,0.0,26.59217071533203,0
348.35,5.939145702123302e-40,0.31575000286102295,0.0,26.59135627746582,0
348.45,5.94081044469892e-40,0.3167000114917755,0.0,26.590564727783203,0
348.55,5.942525634019253e-40,0.34299999475479126,0.0,26.589736938476562,0
348.65,5.944190376594871e-40,0.44130000472068787,0.0,26.58881950378418,0
348.75,5.945905565915204e-40,0.4408000111579895,0.0,26.587778091430664,0
348.85,5.947570308490822e-40,0.4194999933242798,0.0,26.5867862701416,0
348.95,5.949285497811156e-40,0.38975000381469727,0.0,26.585819244384766,0
349.05,5.950950240386774e-40,0.37344998121261597,0.0,26.58492088317871,0
349.15,5.9526654297071076e-40,0.36785000562667847,0.0,26.584014892578125,0
349.25,5.954380619027441e-40,0.3792000114917755,0.0,26.583112716674805,0
349.35,5.956045361603059e-40,0.4401000142097473,0.0,26.582183837890625,0
349.45,5.957760550923392e-40,0.5569999814033508,0.0,26.581073760986328,0
349.55,5.95942529349901e-40,0.6933000087738037,0.0,26.579864501953125,0
349.66,5.9610900360746285e-40,0.8072500228881836,0.0,26.578519821166992,0
349.76,5.962805225394962e-40,0.9141499996185303,0.0,26.57697868347168,0
349.86,5.964469967970579e-40,1.0,0.0,26.575294494628906,0
349.96,5.966185157290913e-40,1.0,0.0,26.57347297668457,0
350.06,5.967849899866531e-40,1.0,0.0,26.571691513061523,0
350.16,5.969565089186865e-40,1.0,0.0,26.569847106933594,0
350.26,5.9712298317624826e-40,1.0,0.0,26.568050384521484,0
350.36,5.9729450210828165e-40,1.0,0.0,26.566190719604492,0
350.46,5.974609763658434e-40,1.0,0.0,26.564706802368164,0
350.56,5.976324952978767e-40,0.9981499910354614,0.0,26.563724517822266,0
350.66,5.977989695554386e-40,0.9657000303268433,0.0,26.562551498413086,0
350.76,5.979704884874719e-40,0.9777499437332153,0.0,26.56133460998535,0
350.86,5.981369627450337e-40,1.0,0.0,26.560680389404297,0
350.96,5.9830848167706705e-40,1.0,0.0,26.559864044189453,0
351.06,5.984749559346288e-40,1.0,0.0,26.55904769897461,0
351.16,5.986464748666622e-40,0.9218000173568726,0.0,26.558561325073242,0
351.26,5.98812949124224e-40,0.774150013923645,0.0,26.557479858398438,0
351.36,5.989844680562574e-40,0.656499981880188,0.0,26.55648422241211,0
351.46,5.9915094231381915e-40,0.5636000037193298,0.0,26.555583953857422,0
351.56,5.9932246124585246e-40,0.429749995470047,0.0,26.55473518371582,0
351.67,5.9949398017788585e-40,0.2659500241279602,0.0,26.5540771484375,0
351.77,5.996604544354476e-40,0.13735002279281616,0.0,26.55362319946289,0
351.87,5.99831973367481e-40,0.054000020027160645,0.0,26.553266525268555,0
351.97,5.999984476250428e-40,0.0,0.0,26.553211212158203,0
352.07,6.001699665570762e-40,0.0,0.0,26.553211212158203,0
352.17,6.0033644081463794e-40,0.0,0.0,26.553211212158203,0
352.27,6.0050795974667125e-40,0.0,0.0,26.553211212158203,0
352.37,6.006744340042331e-40,0.0,0.0,26.553211212158203,0
352.47,6.008459529362664e-40,0.0,0.0,26.553211212158203,0
352.57,6.010124271938282e-40,0.0,0.0,26.553211212158203,0
352.67,6.011839461258616e-40,0.0,0.0,26.553211212158203,0
352.77,6.0135042038342335e-40,0.0,0.0,26.553211212158203,0
352.87,6.015219393154567e-40,0.0,0.0,26.553211212158203,0
352.97,6.016884135730185e-40,0.0,0.0,26.553211212158203,0
353.07,6.018599325050519e-40,0.0,0.0,26.553211212158203,0
353.17,6.020264067626137e-40,0.0,0.0,26.553211212158203,0
353.27,6.02197925694647e-40,0.0,0.0,26.553211212158203,0
353.37,6.023643999522088e-40,0.0,0.0,26.553211212158203,0
353.48,6.0253591888424214e-40,0.0,0.0,26.553211212158203,0
353.58,6.027023931418039e-40,0.0,0.0,26.553211212158203,0
353.68,6.028739120738373e-40,0.0,0.0,26.553211212158203,0
353.78,6.030403863313991e-40,0.0,0.0,26.553211212158203,0
353.88,6.032119052634325e-40,0.18029999732971191,0.0,26.553056716918945,0
353.98,6.033783795209942e-40,0.48785001039505005,0.0,26.552568435668945,0
354.08,6.035297197551413e-40,0.6413500308990479,0.0,26.551925659179688,0
354.18,6.037163727105894e-40,0.6941999793052673,0.0,26.551074981689453,0
354.28,6.038878916426227e-40,0.7307499647140503,0.0,26.550270080566406,0
354.38,6.040543659001846e-40,0.7749999761581421,0.0,26.549455642700195,0
354.48,6.042258848322179e-40,0.777400016784668,0.0,26.548593521118164,0
354.58,6.0439235908977964e-40,0.770550012588501,0.0,26.54775619506836,0
354.68,6.04563878021813e-40,0.6565499901771545,0.0,26.546918869018555,0
354.78,6.047303522793748e-40,0.3747999966144562,0.0,26.546241760253906,0
354.88,6.049018712114082e-40,0.18569999933242798,0.0,26.545787811279297,0
354.98,6.050733901434415e-40,0.13600000739097595,0.0,26.54544448852539,0
355.08,6.052398644010034e-40,0.09020000696182251,0.0,26.54513168334961,0
355.18,6.054113833330367e-40,0.02045002579689026,0.0,26.544960021972656,0
355.28,6.055778575905984e-40,0.0,0.0,26.544958114624023,0
355.39,6.057493765226318e-40,0.0,0.0,26.544958114624023,0
355.49,6.059158507801936e-40,0.0,0.0,26.544958114624023,0
355.59,6.06087369712227e-40,0.0,0.0,26.544958114624023,0
355.69,6.062538439697888e-40,0.0,0.0,26.544958114624023,0
355.79,6.0642536290182215e-40,0.0,0.0,26.544958114624023,0
355.89,6.065918371593839e-40,0.0,0.0,26.544958114624023,0
355.99,6.067633560914172e-40,0.0,0.0,26.544958114624023,0
356.09,6.069298303489791e-40,0.050900012254714966,0.0,26.544864654541016,0
356.19,6.071013492810124e-40,0.06890001893043518,0.0,26.54463768005371,0
356.29,6.072678235385742e-40,0.07600000500679016,0.0,26.544374465942383,0
356.39,6.074393424706076e-40,0.07074999809265137,0.0,26.544095993041992,0
356.49,6.076058167281693e-40,0.05435001850128174,0.0,26.543874740600586,0
356.59,6.077773356602027e-40,0.07680001854896545,0.0,26.54366111755371,0
356.69,6.079438099177645e-40,0.13045001029968262,0.0,26.54332733154297,0
356.79,6.081153288497979e-40,0.2827500104904175,0.0,26.542890548706055,0
356.89,6.0828180310735966e-40,0.5305500030517578,0.0,26.54224395751953,0
356.99,6.08453322039393e-40,0.6919499635696411,0.0,26.541343688964844,0
357.09,6.086197962969548e-40,0.700950026512146,0.0,26.54041290283203,0
357.2,6.087913152289881e-40,0.694599986076355,0.0,26.53945541381836,0
357.3,6.089577894865499e-40,0.7063499689102173,0.0,26.53850555419922,0
357.4,6.091293084185833e-40,0.7943999767303467,0.0,26.5374813079834,0
357.5,6.092957826761451e-40,0.8565999865531921,0.0,26.5363712310791,0
357.6,6.0946730160817845e-40,0.9070999622344971,0.0,26.53515625,0
357.7,6.096337758657402e-40,0.9851000308990479,0.0,26.533878326416016,0
357.8,6.098052947977736e-40,1.0,0.0,26.53244400024414,0
357.9,6.099717690553354e-40,1.0,0.0,26.531024932861328,0
358.0,6.101432879873687e-40,1.0,0.0,26.52952766418457,0
358.1,6.1030976224493055e-40,0.9754499793052673,0.0,26.528057098388672,0
358.2,6.1048128117696386e-40,0.9204999804496765,0.0,26.5266056060791,0
358.3,6.106477554345256e-40,0.920199990272522,0.0,26.525203704833984,0
358.4,6.10819274366559e-40,0.9283499717712402,0.0,26.523731231689453,0
358.5,6.109857486241208e-40,0.9943000078201294,0.0,26.522214889526367,0
358.6,6.111572675561542e-40,1.0,0.0,26.520551681518555,0
358.7,6.1132374181371595e-40,1.0,0.0,26.518901824951172,0
358.8,6.1149526074574934e-40,1.0,0.0,26.517179489135742,0
358.9,6.116617350033111e-40,1.0,0.0,26.51548194885254,0
359.0,6.118332539353444e-40,1.0,0.0,26.513708114624023,0
359.1,6.119997281929063e-40,1.0,0.0,26.511966705322266,0
359.2,6.121712471249396e-40,1.0,0.0,26.510156631469727,0
359.31,6.1233772138250136e-40,1.0,0.0,26.509017944335938,0
359.41,6.1250924031453475e-40,1.0,0.0,26.508365631103516,0
359.51,6.126757145720965e-40,1.0,0.0,26.50776481628418,0
359.61,6.128472335041299e-40,1.0,0.0,26.507352828979492,0
359.71,6.130137077616917e-40,1.0,0.0,26.506250381469727,0
359.81,6.131852266937251e-40,1.0,0.0,26.504926681518555,0
359.91,6.1335170095128684e-40,1.0,0.0,26.50397300720215,0
360.01,6.1352321988332015e-40,1.0,0.0,26.50266456604004,0
360.11,6.13689694140882e-40,1.0,0.0,26.501466751098633,0
360.21,6.138561683984438e-40,1.0,0.0,26.500268936157227,0
360.31,6.140276873304771e-40,1.0,0.0,26.499311447143555,0
360.41,6.141941615880389e-40,1.0,0.0,26.498191833496094,0
360.51,6.1436568052007225e-40,1.0,0.0,26.497262954711914,0
360.61,6.14532154777634e-40,1.0,0.0,26.496259689331055,0
360.71,6.147036737096674e-40,1.0,0.0,26.49513816833496,0
360.81,6.148701479672292e-40,1.0,0.0,26.49424934387207,0
360.91,6.150416668992626e-40,1.0,0.0,26.493162155151367,0
361.01,6.1520814115682435e-40,1.0,0.0,26.49195671081543,0
361.11,6.153796600888577e-40,1.0,0.0,26.49070167541504,0
361.21,6.1555117902089104e-40,1.0,0.0,26.489360809326172,0
361.32,6.157176532784528e-40,1.0,0.0,26.488075256347656,0
361.42,6.158891722104862e-40,1.0,0.0,26.48676300048828,0
361.52,6.16055646468048e-40,1.0,0.0,26.485483169555664,0
361.62,6.162271654000814e-40,1.0,0.0,26.484149932861328,0
361.72,6.163936396576431e-40,1.0,0.0,26.48284339904785,0
361.82,6.165651585896765e-40,1.0,0.0,26.48147964477539,0
361.92,6.167316328472383e-40,1.0,0.0,26.480140686035156,0
362.02,6.169031517792716e-40,1.0,0.0,26.478748321533203,0
362.12,6.170696260368335e-40,1.0,0.0,26.477384567260742,0
362.22,6.172411449688668e-40,1.0,0.0,26.47596549987793,0
362.33,6.174177085753717e-40,1.0,0.0,26.474485397338867,0
362.43,6.175892275074051e-40,1.0,0.0,26.473037719726562,0
362.53,6.177557017649669e-40,1.0,0.0,26.471614837646484,0
362.63,6.1792722069700025e-40,1.0,0.0,26.470136642456055,0
362.73,6.18093694954562e-40,1.0,0.0,26.46868896484375,0
362.83,6.182652138865953e-40,1.0,0.0,26.467180252075195,0
362.93,6.184316881441572e-40,1.0,0.0,26.4657039642334,0
363.03,6.186032070761905e-40,1.0,0.0,26.464170455932617,0
363.13,6.187696813337523e-40,1.0,0.0,26.462665557861328,0
363.23,6.1894120026578566e-40,1.0,0.0,26.461103439331055,0
363.33,6.191076745233474e-40,1.0,0.0,26.45957374572754,0
363.43,6.192791934553808e-40,1.0,0.0,26.457983016967773,0
363.53,6.194456677129426e-40,1.0,0.0,26.456430435180664,0
363.63,6.19617186644976e-40,1.0,0.0,26.454809188842773,0
363.73,6.1978366090253775e-40,1.0,0.0,26.453231811523438,0
363.83,6.199551798345711e-40,1.0,0.0,26.451576232910156,0
363.93,6.201216540921329e-40,1.0,0.0,26.449935913085938,0
364.03,6.202931730241662e-40,1.0,0.0,26.448274612426758,0
364.13,6.20459647281728e-40,1.0,0.0,26.446645736694336,0
364.24,6.2062612153928985e-40,1.0,0.0,26.445003509521484,0
364.34,6.207976404713232e-40,1.0,0.0,26.443294525146484,0
364.44,6.209641147288849e-40,1.0,0.0,26.441631317138672,0
364.54,6.211356336609183e-40,1.0,0.0,26.439908981323242,0
364.64,6.213021079184801e-40,1.0,0.0,26.438215255737305,0
364.74,6.214736268505135e-40,1.0,0.0,26.436466217041016,0
364.84,6.2164010110807526e-40,1.0,0.0,26.43475914001465,0
364.94,6.2181162004010865e-40,1.0,0.0,26.4329891204834,0
365.04,6.219780942976704e-40,1.0,0.0,26.43126106262207,0
365.14,6.221445685552322e-40,1.0,0.0,26.429523468017578,0
365.24,6.223160874872656e-40,1.0,0.0,26.427722930908203,0
365.34,6.2248256174482735e-40,1.0,0.0,26.42597007751465,0
365.44,6.226540806768607e-40,1.0,0.0,26.424152374267578,0
365.54,6.228205549344225e-40,1.0,0.0,26.42237663269043,0
365.64,6.229920738664558e-40,1.0,0.0,26.42064666748047,0
365.74,6.231585481240176e-40,1.0,0.0,26.419940948486328,0
365.84,6.23330067056051e-40,1.0,0.0,26.419288635253906,0
365.94,6.2349654131361276e-40,1.0,0.0,26.418489456176758,0
366.04,6.2366806024564615e-40,1.0,0.0,26.41704750061035,0
366.14,6.238345345032079e-40,1.0,0.0,26.4156436920166,0
366.24,6.240060534352413e-40,1.0,0.0,26.414180755615234,0
366.34,6.241725276928031e-40,1.0,0.0,26.41275978088379,0
366.44,6.243440466248364e-40,1.0,0.0,26.411287307739258,0
366.55,6.2451052088239824e-40,1.0,0.0,26.409854888916016,0
366.65,6.2468203981443155e-40,1.0,0.0,26.408370971679688,0
366.75,6.248485140719933e-40,1.0,0.0,26.40690803527832,0
366.85,6.250200330040267e-40,1.0,0.0,26.405410766601562,0
366.95,6.251865072615885e-40,1.0,0.0,26.403949737548828,0
367.05,6.253580261936219e-40,1.0,0.0,26.402433395385742,0
367.15,6.255295451256552e-40,1.0,0.0,26.40091323852539,0
367.25,6.25696019383217e-40,1.0,0.0,26.39942741394043,0
367.35,6.2586753831525035e-40,1.0,0.0,26.397891998291016,0
367.45,6.260340125728121e-40,1.0,0.0,26.39639663696289,0
367.55,6.262055315048455e-40,1.0,0.0,26.39484405517578,0
367.65,6.263720057624073e-40,1.0,0.0,26.393335342407227,0
367.75,6.265435246944407e-40,1.0,0.0,26.391773223876953,0
367.85,6.2670999895200244e-40,1.0,0.0,26.390230178833008,0
367.95,6.268815178840358e-40,1.0,0.0,26.388654708862305,0
368.06,6.2705303681606914e-40,1.0,0.0,26.387073516845703,0
368.16,6.272195110736309e-40,1.0,0.0,26.385530471801758,0
368.26,6.273910300056643e-40,1.0,0.0,26.383934020996094,0
368.36,6.275575042632261e-40,1.0,0.0,26.38237762451172,0
368.46,6.277290231952595e-40,1.0,0.0,26.380767822265625,0
368.56,6.278954974528212e-40,1.0,0.0,26.37919807434082,0
368.66,6.280670163848546e-40,1.0,0.0,26.37757682800293,0
368.76,6.282334906424164e-40,1.0,0.0,26.375993728637695,0
368.86,6.284050095744497e-40,1.0,0.0,26.374359130859375,0
368.96,6.285714838320116e-40,1.0,0.0,26.372766494750977,0
369.06,6.287430027640449e-40,1.0,0.0,26.371116638183594,0
369.16,6.2890947702160664e-40,1.0,0.0,26.3695125579834,0
369.26,6.2908099595364e-40,1.0,0.0,26.36785125732422,0
369.36,6.292474702112018e-40,1.0,0.0,26.36622428894043,0
369.46,6.294189891432352e-40,1.0,0.0,26.364561080932617,0
369.56,6.29585463400797e-40,1.0,0.0,26.36292266845703,0
369.66,6.2975698233283036e-40,1.0,0.0,26.36123275756836,0
369.76,6.299234565903921e-40,1.0,0.0,26.35959815979004,0
369.86,6.300949755224254e-40,1.0,0.0,26.357892990112305,0
369.96,6.302614497799873e-40,1.0,0.0,26.356239318847656,0
370.07,6.304329687120206e-40,1.0,0.0,26.354537963867188,0
370.17,6.30604487644054e-40,1.0,0.0,26.35281753540039,0
370.27,6.307709619016158e-40,1.0,0.0,26.351154327392578,0
370.37,6.3094248083364915e-40,1.0,0.0,26.34943389892578,0
370.47,6.311089550912109e-40,1.0,0.0,26.347745895385742,0
370.57,6.312804740232442e-40,1.0,0.0,26.34601593017578,0
370.67,6.314469482808061e-40,1.0,0.0,26.34433364868164,0
370.77,6.316184672128394e-40,1.0,0.0,26.342592239379883,0
370.87,6.317849414704012e-40,1.0,0.0,26.340896606445312,0
370.97,6.3195646040243456e-40,1.0,0.00046984205255284905,26.33914566040039,0
371.07,6.321229346599963e-40,0.7545999884605408,0.15260569751262665,26.33751106262207,0
371.17,6.322944535920297e-40,0.0,0.5248530507087708,26.336666107177734,0
371.27,6.324609278495915e-40,0.0,0.7359983921051025,26.336666107177734,0
371.37,6.326324467816249e-40,0.0,0.7548021078109741,26.336666107177734,0
371.47,6.3279892103918666e-40,0.0,0.7552094459533691,26.336666107177734,0
371.57,6.3297043997122e-40,0.0,0.7317906618118286,26.336666107177734,0
371.67,6.331369142287818e-40,0.0,0.7091935873031616,26.336666107177734,0
371.78,6.333084331608151e-40,0.0,0.6958141922950745,26.336666107177734,0
371.88,6.334749074183769e-40,0.0,0.6732091903686523,26.336666107177734,0
371.98,6.336464263504103e-40,0.0,0.6286587715148926,26.336666107177734,0
372.08,6.338129006079721e-40,0.0,0.5877239108085632,26.336666107177734,0
372.18,6.3398441954000545e-40,0.0,0.5337952375411987,26.336666107177734,0
372.28,6.341508937975672e-40,0.0,0.4795014262199402,26.336666107177734,0
372.38,6.343224127296006e-40,0.0,0.4302591383457184,26.336666107177734,0
372.48,6.344888869871624e-40,0.0,0.391697496175766,26.336666107177734,0
372.58,6.346604059191957e-40,0.0,0.3614960014820099,26.336666107177734,0
372.68,6.3482688017675755e-40,0.0,0.3288592994213104,26.336666107177734,0
372.78,6.3499839910879086e-40,0.0,0.2963537573814392,26.336666107177734,0
372.88,6.351648733663526e-40,0.0,0.27492377161979675,26.336666107177734,0
372.98,6.35336392298386e-40,0.0,0.25648313760757446,26.336666107177734,0
373.08,6.355028665559478e-40,0.0,0.2204270362854004,26.336666107177734,0
373.18,6.356743854879812e-40,0.0,0.08260735869407654,26.336666107177734,0
373.28,6.3584085974554295e-40,0.05005002021789551,0.0,26.33661651611328,0
373.38,6.3601237867757634e-40,0.055950015783309937,0.0,26.336471557617188,0
373.48,6.361788529351381e-40,0.0,0.0,26.336353302001953,0
373.58,6.363503718671714e-40,0.0,0.0,26.336353302001953,0
373.68,6.365168461247333e-40,0.0,0.0,26.336353302001953,0
373.79,6.366883650567666e-40,0.0,0.0,26.336353302001953,0
373.89,6.368598839888e-40,0.0,0.0,26.336353302001953,0
373.99,6.3702635824636175e-40,0.0,0.0,26.336353302001953,0
374.09,6.371978771783951e-40,0.0,0.0,26.336353302001953,0
374.19,6.373643514359569e-40,0.0,0.0,26.336353302001953,0
374.29,6.375358703679902e-40,0.0,0.0,26.336353302001953,0
374.39,6.377073893000236e-40,0.0,0.0,26.336353302001953,0
374.49,6.378738635575854e-40,0.0,0.0,26.336353302001953,0
374.59,6.3804033781514715e-40,0.0,0.0,26.336353302001953,0
374.69,6.3821185674718054e-40,0.0,0.0,26.336353302001953,0
374.79,6.383783310047423e-40,0.3223000168800354,0.0,26.336109161376953,0
374.89,6.385498499367757e-40,0.7944999933242798,0.0,26.335437774658203,0
374.99,6.387163241943375e-40,1.0,0.0,26.335033416748047,0
375.09,6.388878431263709e-40,1.0,0.0,26.334760665893555,0
375.19,6.390543173839326e-40,1.0,0.0,26.33445930480957,0
375.29,6.3922583631596595e-40,1.0,0.0,26.334169387817383,0
375.4,6.393923105735278e-40,1.0,0.0,26.333961486816406,0
375.5,6.395638295055611e-40,1.0,0.0,26.33376121520996,0
375.6,6.397353484375945e-40,1.0,0.0,26.333572387695312,0
375.7,6.399018226951563e-40,0.9563499689102173,0.0,26.333450317382812,0
375.8,6.400733416271897e-40,0.8004499673843384,0.0,26.333293914794922,0
375.9,6.402297265358083e-40,0.6977999806404114,0.0,26.33311653137207,0
376.0,6.402297265358083e-40,0.6977999806404114,0.0,26.33311653137207,0
376.1,6.402297265358083e-40,0.6977999806404114,0.0,26.33311653137207,0
376.2,6.402297265358083e-40,0.6977999806404114,0.0,26.33311653137207,0
376.3,6.402297265358083e-40,0.6977999806404114,0.0,26.33311653137207,0
376.4,6.402297265358083e-40,0.6977999806404114,0.0,26.33311653137207,0
376.5,6.402297265358083e-40,0.6977999806404114,0.0,26.33311653137207,0
376.6,6.402297265358083e-40,0.6977999806404114,0.0,26.33311653137207,0
376.7,6.402297265358083e-40,0.6977999806404114,0.0,26.33311653137207,0
376.8,6.402297265358083e-40,0.6977999806404114,0.0,26.33311653137207,0
376.9,6.402297265358083e-40,0.6977999806404114,0.0,26.33311653137207,0
377.0,6.402297265358083e-40,0.6977999806404114,0.0,26.33311653137207,0
377.1,6.402297265358083e-40,0.6977999806404114,0.0,26.33311653137207,0
377.21,6.402297265358083e-40,0.6977999806404114,0.0,26.33311653137207,0
377.31,6.402297265358083e-40,0.6977999806404114,0.0,26.33311653137207,0
377.41,6.402297265358083e-40,0.6977999806404114,0.0,26.33311653137207,0
377.51,6.402297265358083e-40,0.6977999806404114,0.0,26.33311653137207,0
377.61,6.402297265358083e-40,0.6977999806404114,0.0,26.33311653137207,0
377.71,6.402297265358083e-40,0.6977999806404114,0.0,26.33311653137207,0
377.81,6.402297265358083e-40,0.6977999806404114,0.0,26.33311653137207,0
377.91,6.402297265358083e-40,0.6977999806404114,0.0,26.33311653137207,0
378.01,6.402297265358083e-40,0.6977999806404114,0.0,26.33311653137207,0
378.11,6.402297265358083e-40,0.6977999806404114,0.0,26.33311653137207,0
378.21,6.402297265358083e-40,0.6977999806404114,0.0,26.33311653137207,0
378.31,6.402297265358083e-40,0.6977999806404114,0.0,26.33311653137207,0
378.41,6.402297265358083e-40,0.6977999806404114,0.0,26.33311653137207,0
378.51,6.402297265358083e-40,0.6977999806404114,0.0,26.33311653137207,0
378.61,6.402297265358083e-40,0.6977999806404114,0.0,26.33311653137207,0
378.71,6.402297265358083e-40,0.6977999806404114,0.0,26.33311653137207,0
378.81,6.402297265358083e-40,0.6977999806404114,0.0,26.33311653137207,0
378.91,6.402297265358083e-40,0.6977999806404114,0.0,26.33311653137207,0
379.01,6.402297265358083e-40,0.6977999806404114,0.0,26.33311653137207,0
379.11,6.402297265358083e-40,0.6977999806404114,0.0,26.33311653137207,0
379.22,6.402297265358083e-40,0.6977999806404114,0.0,26.33311653137207,0
379.32,6.402297265358083e-40,0.6977999806404114,0.0,26.33311653137207,0
379.42,6.402297265358083e-40,0.6977999806404114,0.0,26.33311653137207,0
379.52,6.402297265358083e-40,0.6977999806404114,0.0,26.33311653137207,0
379.62,6.402297265358083e-40,0.6977999806404114,0.0,26.33311653137207,0
379.72,6.402297265358083e-40,0.6977999806404114,0.0,26.33311653137207,0
379.82,6.402297265358083e-40,0.6977999806404114,0.0,26.33311653137207,0
379.92,6.402297265358083e-40,0.6977999806404114,0.0,26.33311653137207,0
380.02,6.402297265358083e-40,0.6977999806404114,0.0,26.33311653137207,0
380.12,6.402297265358083e-40,0.6977999806404114,0.0,26.33311653137207,0
380.22,6.402297265358083e-40,0.6977999806404114,0.0,26.33311653137207,0
380.32,6.402297265358083e-40,0.6977999806404114,0.0,26.33311653137207,0
380.42,6.402297265358083e-40,0.6977999806404114,0.0,26.33311653137207,0
380.52,6.402297265358083e-40,0.6977999806404114,0.0,26.33311653137207,0
380.62,6.402297265358083e-40,0.6977999806404114,0.0,26.33311653137207,0
